순번,종류,파일명,블록,블록제목,비트,장소,컷,조명,초,프롬프트
1,이미지,1블-b1-k1.png,1,불을 뿜는 무적의 거북선 이미지를 화려하게 재현,b1,한산도 앞바다 해협,k1/4,D,20,"Strait off Hansan Island, open sea battlefield with distant cliffs, dawn mist, extreme wide establishing shot, pre-dawn blue hour, cold monochrome, a single faint warm light source in the distance, 조선중기1550-1650, 용머리 장식, 철정(쇠못), 소나무 선체 판자, 참나무 나무못, [CAST], [LOCK] , [R-PAINT] , [STYLE] --ar 16:9 --sref [SEED] --sw 110 --no [FORBIDDEN]"
1,영상,1블-b1-v1.mp4,1,불을 뿜는 무적의 거북선 이미지를 화려하게 재현,b1,한산도 앞바다 해협,k1→k2,D,20,"Very slow forward dolly at constant camera height. No rotation, no zoom, no camera shake. Painterly brush texture and paper grain preserved."
2,이미지,1블-b1-k2.png,1,불을 뿜는 무적의 거북선 이미지를 화려하게 재현,b1,한산도 앞바다 해협,k2/4,D,20,"the same scene from the same camera height, progressively closer (2 of 4), extreme wide establishing shot, pre-dawn blue hour, cold monochrome, a single faint warm light source in the distance, 조선중기1550-1650, 용머리 장식, 철정(쇠못), 소나무 선체 판자, 참나무 나무못, [CAST], [LOCK] , [R-PAINT] , [STYLE] --ar 16:9 --sref [SEED] --sw 110 --no [FORBIDDEN]"
2,영상,1블-b1-v2.mp4,1,불을 뿜는 무적의 거북선 이미지를 화려하게 재현,b1,한산도 앞바다 해협,k2→k3,D,20,"Continue the same move at identical speed. No rotation, no zoom, no camera shake. Painterly brush texture and paper grain preserved."
3,이미지,1블-b1-k3.png,1,불을 뿜는 무적의 거북선 이미지를 화려하게 재현,b1,한산도 앞바다 해협,k3/4,D,20,"the same scene from the same camera height, progressively closer (3 of 4), extreme wide establishing shot, pre-dawn blue hour, cold monochrome, a single faint warm light source in the distance, 조선중기1550-1650, 용머리 장식, 철정(쇠못), 소나무 선체 판자, 참나무 나무못, [CAST], [LOCK] , [R-PAINT] , [STYLE] --ar 16:9 --sref [SEED] --sw 110 --no [FORBIDDEN]"
3,영상,1블-b1-v3.mp4,1,불을 뿜는 무적의 거북선 이미지를 화려하게 재현,b1,한산도 앞바다 해협,k3→k4,D,20,"Continue the same move at identical speed. No rotation, no zoom, no camera shake. Painterly brush texture and paper grain preserved."
4,이미지,1블-b1-k4.png,1,불을 뿜는 무적의 거북선 이미지를 화려하게 재현,b1,한산도 앞바다 해협,k4/4,D,20,"the same scene from the same camera height, closest framing of this beat, extreme wide establishing shot, pre-dawn blue hour, cold monochrome, a single faint warm light source in the distance, 조선중기1550-1650, 용머리 장식, 철정(쇠못), 소나무 선체 판자, 참나무 나무못, [CAST], [LOCK] , [R-PAINT] , [STYLE] --ar 16:9 --sref [SEED] --sw 110 --no [FORBIDDEN]"
5,이미지,1블-b2-k1.png,1,불을 뿜는 무적의 거북선 이미지를 화려하게 재현,b2,여수 수군 진영,k1/4,D,20,"Yeosu naval garrison camp with wooden command platform and banners, wide shot, pre-dawn blue hour, cold monochrome, a single faint warm light source in the distance, 조선중기1550-1650, 용머리 장식, 철정(쇠못), 소나무 선체 판자, 참나무 나무못, [CAST], [LOCK] , [R-PAINT] , [STYLE] --ar 16:9 --sref [SEED] --sw 110 --no [FORBIDDEN]"
5,영상,1블-b2-v1.mp4,1,불을 뿜는 무적의 거북선 이미지를 화려하게 재현,b2,여수 수군 진영,k1→k2,D,20,"Slow crane up at constant speed. No rotation, no zoom, no camera shake. Painterly brush texture and paper grain preserved."
6,이미지,1블-b2-k2.png,1,불을 뿜는 무적의 거북선 이미지를 화려하게 재현,b2,여수 수군 진영,k2/4,D,20,"the same scene from the same camera height, progressively closer (2 of 4), wide shot, pre-dawn blue hour, cold monochrome, a single faint warm light source in the distance, 조선중기1550-1650, 용머리 장식, 철정(쇠못), 소나무 선체 판자, 참나무 나무못, [CAST], [LOCK] , [R-PAINT] , [STYLE] --ar 16:9 --sref [SEED] --sw 110 --no [FORBIDDEN]"
6,영상,1블-b2-v2.mp4,1,불을 뿜는 무적의 거북선 이미지를 화려하게 재현,b2,여수 수군 진영,k2→k3,D,20,"Continue the same move at identical speed. No rotation, no zoom, no camera shake. Painterly brush texture and paper grain preserved."
7,이미지,1블-b2-k3.png,1,불을 뿜는 무적의 거북선 이미지를 화려하게 재현,b2,여수 수군 진영,k3/4,D,20,"the same scene from the same camera height, progressively closer (3 of 4), wide shot, pre-dawn blue hour, cold monochrome, a single faint warm light source in the distance, 조선중기1550-1650, 용머리 장식, 철정(쇠못), 소나무 선체 판자, 참나무 나무못, [CAST], [LOCK] , [R-PAINT] , [STYLE] --ar 16:9 --sref [SEED] --sw 110 --no [FORBIDDEN]"
7,영상,1블-b2-v3.mp4,1,불을 뿜는 무적의 거북선 이미지를 화려하게 재현,b2,여수 수군 진영,k3→k4,D,20,"Continue the same move at identical speed. No rotation, no zoom, no camera shake. Painterly brush texture and paper grain preserved."
8,이미지,1블-b2-k4.png,1,불을 뿜는 무적의 거북선 이미지를 화려하게 재현,b2,여수 수군 진영,k4/4,D,20,"the same scene from the same camera height, closest framing of this beat, wide shot, pre-dawn blue hour, cold monochrome, a single faint warm light source in the distance, 조선중기1550-1650, 용머리 장식, 철정(쇠못), 소나무 선체 판자, 참나무 나무못, [CAST], [LOCK] , [R-PAINT] , [STYLE] --ar 16:9 --sref [SEED] --sw 110 --no [FORBIDDEN]"
9,이미지,1블-b3-k1.png,1,불을 뿜는 무적의 거북선 이미지를 화려하게 재현,b3,거북선 갑판 내부,k1/3,D,20,"Interior deck of turtle ship, cramped wooden beams, oar benches, dim lantern light, medium shot, pre-dawn blue hour, cold monochrome, a single faint warm light source in the distance, 조선중기1550-1650, 용머리 장식, 철정(쇠못), 소나무 선체 판자, 참나무 나무못, [CAST], [LOCK] , [R-PAINT] , [STYLE] --ar 16:9 --sref [SEED] --sw 110 --no [FORBIDDEN]"
9,영상,1블-b3-v1.mp4,1,불을 뿜는 무적의 거북선 이미지를 화려하게 재현,b3,거북선 갑판 내부,k1→k2,D,20,"Slow lateral tracking move to the right. No rotation, no zoom, no camera shake. Painterly brush texture and paper grain preserved."
10,이미지,1블-b3-k2.png,1,불을 뿜는 무적의 거북선 이미지를 화려하게 재현,b3,거북선 갑판 내부,k2/3,D,20,"the same scene from the same camera height, progressively closer (2 of 3), medium shot, pre-dawn blue hour, cold monochrome, a single faint warm light source in the distance, 조선중기1550-1650, 용머리 장식, 철정(쇠못), 소나무 선체 판자, 참나무 나무못, [CAST], [LOCK] , [R-PAINT] , [STYLE] --ar 16:9 --sref [SEED] --sw 110 --no [FORBIDDEN]"
10,영상,1블-b3-v2.mp4,1,불을 뿜는 무적의 거북선 이미지를 화려하게 재현,b3,거북선 갑판 내부,k2→k3,D,20,"Continue the same move at identical speed. No rotation, no zoom, no camera shake. Painterly brush texture and paper grain preserved."
11,이미지,1블-b3-k3.png,1,불을 뿜는 무적의 거북선 이미지를 화려하게 재현,b3,거북선 갑판 내부,k3/3,D,20,"the same scene from the same camera height, closest framing of this beat, medium shot, pre-dawn blue hour, cold monochrome, a single faint warm light source in the distance, 조선중기1550-1650, 용머리 장식, 철정(쇠못), 소나무 선체 판자, 참나무 나무못, [CAST], [LOCK] , [R-PAINT] , [STYLE] --ar 16:9 --sref [SEED] --sw 110 --no [FORBIDDEN]"
12,이미지,2블-b1-k1.png,2,거북선 신화에 도발적 질문을 던지는 내레이터 클로즈업,b1,한산도 앞바다 해협,k1/4,A,20,"Strait off Hansan Island, open sea battlefield with distant cliffs, dawn mist, extreme wide establishing shot, flat overcast diffused light with almost no cast shadows, heavy atmospheric haze, 조선중기1550-1650, 용머리 장식, 철정(쇠못), 소나무 선체 판자, 참나무 나무못, [CAST], [LOCK] , [R-PAINT] , [STYLE] --ar 16:9 --sref [SEED] --sw 110 --no [FORBIDDEN]"
12,영상,2블-b1-v1.mp4,2,거북선 신화에 도발적 질문을 던지는 내레이터 클로즈업,b1,한산도 앞바다 해협,k1→k2,A,20,"Very slow forward dolly at constant camera height. No rotation, no zoom, no camera shake. Painterly brush texture and paper grain preserved."
13,이미지,2블-b1-k2.png,2,거북선 신화에 도발적 질문을 던지는 내레이터 클로즈업,b1,한산도 앞바다 해협,k2/4,A,20,"the same scene from the same camera height, progressively closer (2 of 4), extreme wide establishing shot, flat overcast diffused light with almost no cast shadows, heavy atmospheric haze, 조선중기1550-1650, 용머리 장식, 철정(쇠못), 소나무 선체 판자, 참나무 나무못, [CAST], [LOCK] , [R-PAINT] , [STYLE] --ar 16:9 --sref [SEED] --sw 110 --no [FORBIDDEN]"
13,영상,2블-b1-v2.mp4,2,거북선 신화에 도발적 질문을 던지는 내레이터 클로즈업,b1,한산도 앞바다 해협,k2→k3,A,20,"Continue the same move at identical speed. No rotation, no zoom, no camera shake. Painterly brush texture and paper grain preserved."
14,이미지,2블-b1-k3.png,2,거북선 신화에 도발적 질문을 던지는 내레이터 클로즈업,b1,한산도 앞바다 해협,k3/4,A,20,"the same scene from the same camera height, progressively closer (3 of 4), extreme wide establishing shot, flat overcast diffused light with almost no cast shadows, heavy atmospheric haze, 조선중기1550-1650, 용머리 장식, 철정(쇠못), 소나무 선체 판자, 참나무 나무못, [CAST], [LOCK] , [R-PAINT] , [STYLE] --ar 16:9 --sref [SEED] --sw 110 --no [FORBIDDEN]"
14,영상,2블-b1-v3.mp4,2,거북선 신화에 도발적 질문을 던지는 내레이터 클로즈업,b1,한산도 앞바다 해협,k3→k4,A,20,"Continue the same move at identical speed. No rotation, no zoom, no camera shake. Painterly brush texture and paper grain preserved."
15,이미지,2블-b1-k4.png,2,거북선 신화에 도발적 질문을 던지는 내레이터 클로즈업,b1,한산도 앞바다 해협,k4/4,A,20,"the same scene from the same camera height, closest framing of this beat, extreme wide establishing shot, flat overcast diffused light with almost no cast shadows, heavy atmospheric haze, 조선중기1550-1650, 용머리 장식, 철정(쇠못), 소나무 선체 판자, 참나무 나무못, [CAST], [LOCK] , [R-PAINT] , [STYLE] --ar 16:9 --sref [SEED] --sw 110 --no [FORBIDDEN]"
16,이미지,2블-b2-k1.png,2,거북선 신화에 도발적 질문을 던지는 내레이터 클로즈업,b2,여수 수군 진영,k1/4,A,20,"Yeosu naval garrison camp with wooden command platform and banners, wide shot, flat overcast diffused light with almost no cast shadows, heavy atmospheric haze, 조선중기1550-1650, 용머리 장식, 철정(쇠못), 소나무 선체 판자, 참나무 나무못, [CAST], [LOCK] , [R-PAINT] , [STYLE] --ar 16:9 --sref [SEED] --sw 110 --no [FORBIDDEN]"
16,영상,2블-b2-v1.mp4,2,거북선 신화에 도발적 질문을 던지는 내레이터 클로즈업,b2,여수 수군 진영,k1→k2,A,20,"Slow crane up at constant speed. No rotation, no zoom, no camera shake. Painterly brush texture and paper grain preserved."
17,이미지,2블-b2-k2.png,2,거북선 신화에 도발적 질문을 던지는 내레이터 클로즈업,b2,여수 수군 진영,k2/4,A,20,"the same scene from the same camera height, progressively closer (2 of 4), wide shot, flat overcast diffused light with almost no cast shadows, heavy atmospheric haze, 조선중기1550-1650, 용머리 장식, 철정(쇠못), 소나무 선체 판자, 참나무 나무못, [CAST], [LOCK] , [R-PAINT] , [STYLE] --ar 16:9 --sref [SEED] --sw 110 --no [FORBIDDEN]"
17,영상,2블-b2-v2.mp4,2,거북선 신화에 도발적 질문을 던지는 내레이터 클로즈업,b2,여수 수군 진영,k2→k3,A,20,"Continue the same move at identical speed. No rotation, no zoom, no camera shake. Painterly brush texture and paper grain preserved."
18,이미지,2블-b2-k3.png,2,거북선 신화에 도발적 질문을 던지는 내레이터 클로즈업,b2,여수 수군 진영,k3/4,A,20,"the same scene from the same camera height, progressively closer (3 of 4), wide shot, flat overcast diffused light with almost no cast shadows, heavy atmospheric haze, 조선중기1550-1650, 용머리 장식, 철정(쇠못), 소나무 선체 판자, 참나무 나무못, [CAST], [LOCK] , [R-PAINT] , [STYLE] --ar 16:9 --sref [SEED] --sw 110 --no [FORBIDDEN]"
18,영상,2블-b2-v3.mp4,2,거북선 신화에 도발적 질문을 던지는 내레이터 클로즈업,b2,여수 수군 진영,k3→k4,A,20,"Continue the same move at identical speed. No rotation, no zoom, no camera shake. Painterly brush texture and paper grain preserved."
19,이미지,2블-b2-k4.png,2,거북선 신화에 도발적 질문을 던지는 내레이터 클로즈업,b2,여수 수군 진영,k4/4,A,20,"the same scene from the same camera height, closest framing of this beat, wide shot, flat overcast diffused light with almost no cast shadows, heavy atmospheric haze, 조선중기1550-1650, 용머리 장식, 철정(쇠못), 소나무 선체 판자, 참나무 나무못, [CAST], [LOCK] , [R-PAINT] , [STYLE] --ar 16:9 --sref [SEED] --sw 110 --no [FORBIDDEN]"
20,이미지,2블-b3-k1.png,2,거북선 신화에 도발적 질문을 던지는 내레이터 클로즈업,b3,거북선 갑판 내부,k1/3,A,20,"Interior deck of turtle ship, cramped wooden beams, oar benches, dim lantern light, medium shot, flat overcast diffused light with almost no cast shadows, heavy atmospheric haze, 조선중기1550-1650, 용머리 장식, 철정(쇠못), 소나무 선체 판자, 참나무 나무못, [CAST], [LOCK] , [R-PAINT] , [STYLE] --ar 16:9 --sref [SEED] --sw 110 --no [FORBIDDEN]"
20,영상,2블-b3-v1.mp4,2,거북선 신화에 도발적 질문을 던지는 내레이터 클로즈업,b3,거북선 갑판 내부,k1→k2,A,20,"Slow lateral tracking move to the right. No rotation, no zoom, no camera shake. Painterly brush texture and paper grain preserved."
21,이미지,2블-b3-k2.png,2,거북선 신화에 도발적 질문을 던지는 내레이터 클로즈업,b3,거북선 갑판 내부,k2/3,A,20,"the same scene from the same camera height, progressively closer (2 of 3), medium shot, flat overcast diffused light with almost no cast shadows, heavy atmospheric haze, 조선중기1550-1650, 용머리 장식, 철정(쇠못), 소나무 선체 판자, 참나무 나무못, [CAST], [LOCK] , [R-PAINT] , [STYLE] --ar 16:9 --sref [SEED] --sw 110 --no [FORBIDDEN]"
21,영상,2블-b3-v2.mp4,2,거북선 신화에 도발적 질문을 던지는 내레이터 클로즈업,b3,거북선 갑판 내부,k2→k3,A,20,"Continue the same move at identical speed. No rotation, no zoom, no camera shake. Painterly brush texture and paper grain preserved."
22,이미지,2블-b3-k3.png,2,거북선 신화에 도발적 질문을 던지는 내레이터 클로즈업,b3,거북선 갑판 내부,k3/3,A,20,"the same scene from the same camera height, closest framing of this beat, medium shot, flat overcast diffused light with almost no cast shadows, heavy atmospheric haze, 조선중기1550-1650, 용머리 장식, 철정(쇠못), 소나무 선체 판자, 참나무 나무못, [CAST], [LOCK] , [R-PAINT] , [STYLE] --ar 16:9 --sref [SEED] --sw 110 --no [FORBIDDEN]"
23,이미지,3블-b1-k1.png,3,사료와 공학 분석으로 진실을 파헤치겠다는 예고 장면,b1,한산도 앞바다 해협,k1/4,B,20,"Strait off Hansan Island, open sea battlefield with distant cliffs, dawn mist, extreme wide establishing shot, low winter sun raking from the side, long cast shadows, warm ochre rim light against cool grey, 조선중기1550-1650, 용머리 장식, 철정(쇠못), 소나무 선체 판자, 참나무 나무못, [CAST], [LOCK] , [R-PAINT] , [STYLE] --ar 16:9 --sref [SEED] --sw 110 --no [FORBIDDEN]"
23,영상,3블-b1-v1.mp4,3,사료와 공학 분석으로 진실을 파헤치겠다는 예고 장면,b1,한산도 앞바다 해협,k1→k2,B,20,"Very slow forward dolly at constant camera height. No rotation, no zoom, no camera shake. Painterly brush texture and paper grain preserved."
24,이미지,3블-b1-k2.png,3,사료와 공학 분석으로 진실을 파헤치겠다는 예고 장면,b1,한산도 앞바다 해협,k2/4,B,20,"the same scene from the same camera height, progressively closer (2 of 4), extreme wide establishing shot, low winter sun raking from the side, long cast shadows, warm ochre rim light against cool grey, 조선중기1550-1650, 용머리 장식, 철정(쇠못), 소나무 선체 판자, 참나무 나무못, [CAST], [LOCK] , [R-PAINT] , [STYLE] --ar 16:9 --sref [SEED] --sw 110 --no [FORBIDDEN]"
24,영상,3블-b1-v2.mp4,3,사료와 공학 분석으로 진실을 파헤치겠다는 예고 장면,b1,한산도 앞바다 해협,k2→k3,B,20,"Continue the same move at identical speed. No rotation, no zoom, no camera shake. Painterly brush texture and paper grain preserved."
25,이미지,3블-b1-k3.png,3,사료와 공학 분석으로 진실을 파헤치겠다는 예고 장면,b1,한산도 앞바다 해협,k3/4,B,20,"the same scene from the same camera height, progressively closer (3 of 4), extreme wide establishing shot, low winter sun raking from the side, long cast shadows, warm ochre rim light against cool grey, 조선중기1550-1650, 용머리 장식, 철정(쇠못), 소나무 선체 판자, 참나무 나무못, [CAST], [LOCK] , [R-PAINT] , [STYLE] --ar 16:9 --sref [SEED] --sw 110 --no [FORBIDDEN]"
25,영상,3블-b1-v3.mp4,3,사료와 공학 분석으로 진실을 파헤치겠다는 예고 장면,b1,한산도 앞바다 해협,k3→k4,B,20,"Continue the same move at identical speed. No rotation, no zoom, no camera shake. Painterly brush texture and paper grain preserved."
26,이미지,3블-b1-k4.png,3,사료와 공학 분석으로 진실을 파헤치겠다는 예고 장면,b1,한산도 앞바다 해협,k4/4,B,20,"the same scene from the same camera height, closest framing of this beat, extreme wide establishing shot, low winter sun raking from the side, long cast shadows, warm ochre rim light against cool grey, 조선중기1550-1650, 용머리 장식, 철정(쇠못), 소나무 선체 판자, 참나무 나무못, [CAST], [LOCK] , [R-PAINT] , [STYLE] --ar 16:9 --sref [SEED] --sw 110 --no [FORBIDDEN]"
27,이미지,3블-b2-k1.png,3,사료와 공학 분석으로 진실을 파헤치겠다는 예고 장면,b2,여수 수군 진영,k1/4,B,20,"Yeosu naval garrison camp with wooden command platform and banners, wide shot, low winter sun raking from the side, long cast shadows, warm ochre rim light against cool grey, 조선중기1550-1650, 용머리 장식, 철정(쇠못), 소나무 선체 판자, 참나무 나무못, [CAST], [LOCK] , [R-PAINT] , [STYLE] --ar 16:9 --sref [SEED] --sw 110 --no [FORBIDDEN]"
27,영상,3블-b2-v1.mp4,3,사료와 공학 분석으로 진실을 파헤치겠다는 예고 장면,b2,여수 수군 진영,k1→k2,B,20,"Slow crane up at constant speed. No rotation, no zoom, no camera shake. Painterly brush texture and paper grain preserved."
28,이미지,3블-b2-k2.png,3,사료와 공학 분석으로 진실을 파헤치겠다는 예고 장면,b2,여수 수군 진영,k2/4,B,20,"the same scene from the same camera height, progressively closer (2 of 4), wide shot, low winter sun raking from the side, long cast shadows, warm ochre rim light against cool grey, 조선중기1550-1650, 용머리 장식, 철정(쇠못), 소나무 선체 판자, 참나무 나무못, [CAST], [LOCK] , [R-PAINT] , [STYLE] --ar 16:9 --sref [SEED] --sw 110 --no [FORBIDDEN]"
28,영상,3블-b2-v2.mp4,3,사료와 공학 분석으로 진실을 파헤치겠다는 예고 장면,b2,여수 수군 진영,k2→k3,B,20,"Continue the same move at identical speed. No rotation, no zoom, no camera shake. Painterly brush texture and paper grain preserved."
29,이미지,3블-b2-k3.png,3,사료와 공학 분석으로 진실을 파헤치겠다는 예고 장면,b2,여수 수군 진영,k3/4,B,20,"the same scene from the same camera height, progressively closer (3 of 4), wide shot, low winter sun raking from the side, long cast shadows, warm ochre rim light against cool grey, 조선중기1550-1650, 용머리 장식, 철정(쇠못), 소나무 선체 판자, 참나무 나무못, [CAST], [LOCK] , [R-PAINT] , [STYLE] --ar 16:9 --sref [SEED] --sw 110 --no [FORBIDDEN]"
29,영상,3블-b2-v3.mp4,3,사료와 공학 분석으로 진실을 파헤치겠다는 예고 장면,b2,여수 수군 진영,k3→k4,B,20,"Continue the same move at identical speed. No rotation, no zoom, no camera shake. Painterly brush texture and paper grain preserved."
30,이미지,3블-b2-k4.png,3,사료와 공학 분석으로 진실을 파헤치겠다는 예고 장면,b2,여수 수군 진영,k4/4,B,20,"the same scene from the same camera height, closest framing of this beat, wide shot, low winter sun raking from the side, long cast shadows, warm ochre rim light against cool grey, 조선중기1550-1650, 용머리 장식, 철정(쇠못), 소나무 선체 판자, 참나무 나무못, [CAST], [LOCK] , [R-PAINT] , [STYLE] --ar 16:9 --sref [SEED] --sw 110 --no [FORBIDDEN]"
31,이미지,3블-b3-k1.png,3,사료와 공학 분석으로 진실을 파헤치겠다는 예고 장면,b3,거북선 갑판 내부,k1/3,B,20,"Interior deck of turtle ship, cramped wooden beams, oar benches, dim lantern light, medium shot, low winter sun raking from the side, long cast shadows, warm ochre rim light against cool grey, 조선중기1550-1650, 용머리 장식, 철정(쇠못), 소나무 선체 판자, 참나무 나무못, [CAST], [LOCK] , [R-PAINT] , [STYLE] --ar 16:9 --sref [SEED] --sw 110 --no [FORBIDDEN]"
31,영상,3블-b3-v1.mp4,3,사료와 공학 분석으로 진실을 파헤치겠다는 예고 장면,b3,거북선 갑판 내부,k1→k2,B,20,"Slow lateral tracking move to the right. No rotation, no zoom, no camera shake. Painterly brush texture and paper grain preserved."
32,이미지,3블-b3-k2.png,3,사료와 공학 분석으로 진실을 파헤치겠다는 예고 장면,b3,거북선 갑판 내부,k2/3,B,20,"the same scene from the same camera height, progressively closer (2 of 3), medium shot, low winter sun raking from the side, long cast shadows, warm ochre rim light against cool grey, 조선중기1550-1650, 용머리 장식, 철정(쇠못), 소나무 선체 판자, 참나무 나무못, [CAST], [LOCK] , [R-PAINT] , [STYLE] --ar 16:9 --sref [SEED] --sw 110 --no [FORBIDDEN]"
32,영상,3블-b3-v2.mp4,3,사료와 공학 분석으로 진실을 파헤치겠다는 예고 장면,b3,거북선 갑판 내부,k2→k3,B,20,"Continue the same move at identical speed. No rotation, no zoom, no camera shake. Painterly brush texture and paper grain preserved."
33,이미지,3블-b3-k3.png,3,사료와 공학 분석으로 진실을 파헤치겠다는 예고 장면,b3,거북선 갑판 내부,k3/3,B,20,"the same scene from the same camera height, closest framing of this beat, medium shot, low winter sun raking from the side, long cast shadows, warm ochre rim light against cool grey, 조선중기1550-1650, 용머리 장식, 철정(쇠못), 소나무 선체 판자, 참나무 나무못, [CAST], [LOCK] , [R-PAINT] , [STYLE] --ar 16:9 --sref [SEED] --sw 110 --no [FORBIDDEN]"
34,이미지,4블-b1-k1.png,4,난중일기 등 사료와 목조 거북선 지붕 구조 도해,b1,한산도 앞바다 해협,k1/3,C,20,"Strait off Hansan Island, open sea battlefield with distant cliffs, dawn mist, extreme wide establishing shot, even neutral light on a plain seamless ground, subject isolated, no environment, 조선중기1550-1650, 용머리 장식, 철정(쇠못), 소나무 선체 판자, 참나무 나무못, [CAST], [LOCK] , [R-PAINT] , [STYLE] --ar 16:9 --sref [SEED] --sw 110 --no [FORBIDDEN]"
34,영상,4블-b1-v1.mp4,4,난중일기 등 사료와 목조 거북선 지붕 구조 도해,b1,한산도 앞바다 해협,k1→k2,C,20,"Very slow forward dolly at constant camera height. No rotation, no zoom, no camera shake. Painterly brush texture and paper grain preserved."
35,이미지,4블-b1-k2.png,4,난중일기 등 사료와 목조 거북선 지붕 구조 도해,b1,한산도 앞바다 해협,k2/3,C,20,"the same scene from the same camera height, progressively closer (2 of 3), extreme wide establishing shot, even neutral light on a plain seamless ground, subject isolated, no environment, 조선중기1550-1650, 용머리 장식, 철정(쇠못), 소나무 선체 판자, 참나무 나무못, [CAST], [LOCK] , [R-PAINT] , [STYLE] --ar 16:9 --sref [SEED] --sw 110 --no [FORBIDDEN]"
35,영상,4블-b1-v2.mp4,4,난중일기 등 사료와 목조 거북선 지붕 구조 도해,b1,한산도 앞바다 해협,k2→k3,C,20,"Continue the same move at identical speed. No rotation, no zoom, no camera shake. Painterly brush texture and paper grain preserved."
36,이미지,4블-b1-k3.png,4,난중일기 등 사료와 목조 거북선 지붕 구조 도해,b1,한산도 앞바다 해협,k3/3,C,20,"the same scene from the same camera height, closest framing of this beat, extreme wide establishing shot, even neutral light on a plain seamless ground, subject isolated, no environment, 조선중기1550-1650, 용머리 장식, 철정(쇠못), 소나무 선체 판자, 참나무 나무못, [CAST], [LOCK] , [R-PAINT] , [STYLE] --ar 16:9 --sref [SEED] --sw 110 --no [FORBIDDEN]"
37,이미지,4블-b2-k1.png,4,난중일기 등 사료와 목조 거북선 지붕 구조 도해,b2,여수 수군 진영,k1/3,C,20,"Yeosu naval garrison camp with wooden command platform and banners, wide shot, even neutral light on a plain seamless ground, subject isolated, no environment, 조선중기1550-1650, 용머리 장식, 철정(쇠못), 소나무 선체 판자, 참나무 나무못, [CAST], [LOCK] , [R-PAINT] , [STYLE] --ar 16:9 --sref [SEED] --sw 110 --no [FORBIDDEN]"
37,영상,4블-b2-v1.mp4,4,난중일기 등 사료와 목조 거북선 지붕 구조 도해,b2,여수 수군 진영,k1→k2,C,20,"Slow crane up at constant speed. No rotation, no zoom, no camera shake. Painterly brush texture and paper grain preserved."
38,이미지,4블-b2-k2.png,4,난중일기 등 사료와 목조 거북선 지붕 구조 도해,b2,여수 수군 진영,k2/3,C,20,"the same scene from the same camera height, progressively closer (2 of 3), wide shot, even neutral light on a plain seamless ground, subject isolated, no environment, 조선중기1550-1650, 용머리 장식, 철정(쇠못), 소나무 선체 판자, 참나무 나무못, [CAST], [LOCK] , [R-PAINT] , [STYLE] --ar 16:9 --sref [SEED] --sw 110 --no [FORBIDDEN]"
38,영상,4블-b2-v2.mp4,4,난중일기 등 사료와 목조 거북선 지붕 구조 도해,b2,여수 수군 진영,k2→k3,C,20,"Continue the same move at identical speed. No rotation, no zoom, no camera shake. Painterly brush texture and paper grain preserved."
39,이미지,4블-b2-k3.png,4,난중일기 등 사료와 목조 거북선 지붕 구조 도해,b2,여수 수군 진영,k3/3,C,20,"the same scene from the same camera height, closest framing of this beat, wide shot, even neutral light on a plain seamless ground, subject isolated, no environment, 조선중기1550-1650, 용머리 장식, 철정(쇠못), 소나무 선체 판자, 참나무 나무못, [CAST], [LOCK] , [R-PAINT] , [STYLE] --ar 16:9 --sref [SEED] --sw 110 --no [FORBIDDEN]"
40,이미지,4블-b3-k1.png,4,난중일기 등 사료와 목조 거북선 지붕 구조 도해,b3,거북선 갑판 내부,k1/3,C,20,"Interior deck of turtle ship, cramped wooden beams, oar benches, dim lantern light, medium shot, even neutral light on a plain seamless ground, subject isolated, no environment, 조선중기1550-1650, 용머리 장식, 철정(쇠못), 소나무 선체 판자, 참나무 나무못, [CAST], [LOCK] , [R-PAINT] , [STYLE] --ar 16:9 --sref [SEED] --sw 110 --no [FORBIDDEN]"
40,영상,4블-b3-v1.mp4,4,난중일기 등 사료와 목조 거북선 지붕 구조 도해,b3,거북선 갑판 내부,k1→k2,C,20,"Slow lateral tracking move to the right. No rotation, no zoom, no camera shake. Painterly brush texture and paper grain preserved."
41,이미지,4블-b3-k2.png,4,난중일기 등 사료와 목조 거북선 지붕 구조 도해,b3,거북선 갑판 내부,k2/3,C,20,"the same scene from the same camera height, progressively closer (2 of 3), medium shot, even neutral light on a plain seamless ground, subject isolated, no environment, 조선중기1550-1650, 용머리 장식, 철정(쇠못), 소나무 선체 판자, 참나무 나무못, [CAST], [LOCK] , [R-PAINT] , [STYLE] --ar 16:9 --sref [SEED] --sw 110 --no [FORBIDDEN]"
41,영상,4블-b3-v2.mp4,4,난중일기 등 사료와 목조 거북선 지붕 구조 도해,b3,거북선 갑판 내부,k2→k3,C,20,"Continue the same move at identical speed. No rotation, no zoom, no camera shake. Painterly brush texture and paper grain preserved."
42,이미지,4블-b3-k3.png,4,난중일기 등 사료와 목조 거북선 지붕 구조 도해,b3,거북선 갑판 내부,k3/3,C,20,"the same scene from the same camera height, closest framing of this beat, medium shot, even neutral light on a plain seamless ground, subject isolated, no environment, 조선중기1550-1650, 용머리 장식, 철정(쇠못), 소나무 선체 판자, 참나무 나무못, [CAST], [LOCK] , [R-PAINT] , [STYLE] --ar 16:9 --sref [SEED] --sw 110 --no [FORBIDDEN]"
43,이미지,4블-b4-k1.png,4,난중일기 등 사료와 목조 거북선 지붕 구조 도해,b4,조선 조선소 작업장,k1/2,C,20,"Joseon shipyard workshop with pine timber stacks and carpenter tools, tight close-up, even neutral light on a plain seamless ground, subject isolated, no environment, 조선중기1550-1650, 용머리 장식, 철정(쇠못), 소나무 선체 판자, 참나무 나무못, [CAST], [LOCK] , [R-PAINT] , [STYLE] --ar 16:9 --sref [SEED] --sw 110 --no [FORBIDDEN]"
43,영상,4블-b4-v1.mp4,4,난중일기 등 사료와 목조 거북선 지붕 구조 도해,b4,조선 조선소 작업장,k1→k2,C,20,"Locked-off camera with no movement at all, only the subject moves. No rotation, no zoom, no camera shake. Painterly brush texture and paper grain preserved."
44,이미지,4블-b4-k2.png,4,난중일기 등 사료와 목조 거북선 지붕 구조 도해,b4,조선 조선소 작업장,k2/2,C,20,"the same scene from the same camera height, closest framing of this beat, tight close-up, even neutral light on a plain seamless ground, subject isolated, no environment, 조선중기1550-1650, 용머리 장식, 철정(쇠못), 소나무 선체 판자, 참나무 나무못, [CAST], [LOCK] , [R-PAINT] , [STYLE] --ar 16:9 --sref [SEED] --sw 110 --no [FORBIDDEN]"
45,이미지,5블-b1-k1.png,5,쇠못 함정에 걸려 추락하는 왜군 백병전 재현,b1,한산도 앞바다 해협,k1/5,A,20,"Strait off Hansan Island, open sea battlefield with distant cliffs, dawn mist, extreme wide establishing shot, flat overcast diffused light with almost no cast shadows, heavy atmospheric haze, 조선중기1550-1650, 용머리 장식, 철정(쇠못), 소나무 선체 판자, 참나무 나무못, [CAST], [LOCK] , [R-PAINT] , [STYLE] --ar 16:9 --sref [SEED] --sw 110 --no [FORBIDDEN]"
45,영상,5블-b1-v1.mp4,5,쇠못 함정에 걸려 추락하는 왜군 백병전 재현,b1,한산도 앞바다 해협,k1→k2,A,20,"Very slow forward dolly at constant camera height. No rotation, no zoom, no camera shake. Painterly brush texture and paper grain preserved."
46,이미지,5블-b1-k2.png,5,쇠못 함정에 걸려 추락하는 왜군 백병전 재현,b1,한산도 앞바다 해협,k2/5,A,20,"the same scene from the same camera height, progressively closer (2 of 5), extreme wide establishing shot, flat overcast diffused light with almost no cast shadows, heavy atmospheric haze, 조선중기1550-1650, 용머리 장식, 철정(쇠못), 소나무 선체 판자, 참나무 나무못, [CAST], [LOCK] , [R-PAINT] , [STYLE] --ar 16:9 --sref [SEED] --sw 110 --no [FORBIDDEN]"
46,영상,5블-b1-v2.mp4,5,쇠못 함정에 걸려 추락하는 왜군 백병전 재현,b1,한산도 앞바다 해협,k2→k3,A,20,"Continue the same move at identical speed. No rotation, no zoom, no camera shake. Painterly brush texture and paper grain preserved."
47,이미지,5블-b1-k3.png,5,쇠못 함정에 걸려 추락하는 왜군 백병전 재현,b1,한산도 앞바다 해협,k3/5,A,20,"the same scene from the same camera height, progressively closer (3 of 5), extreme wide establishing shot, flat overcast diffused light with almost no cast shadows, heavy atmospheric haze, 조선중기1550-1650, 용머리 장식, 철정(쇠못), 소나무 선체 판자, 참나무 나무못, [CAST], [LOCK] , [R-PAINT] , [STYLE] --ar 16:9 --sref [SEED] --sw 110 --no [FORBIDDEN]"
47,영상,5블-b1-v3.mp4,5,쇠못 함정에 걸려 추락하는 왜군 백병전 재현,b1,한산도 앞바다 해협,k3→k4,A,20,"Continue the same move at identical speed. No rotation, no zoom, no camera shake. Painterly brush texture and paper grain preserved."
48,이미지,5블-b1-k4.png,5,쇠못 함정에 걸려 추락하는 왜군 백병전 재현,b1,한산도 앞바다 해협,k4/5,A,20,"the same scene from the same camera height, progressively closer (4 of 5), extreme wide establishing shot, flat overcast diffused light with almost no cast shadows, heavy atmospheric haze, 조선중기1550-1650, 용머리 장식, 철정(쇠못), 소나무 선체 판자, 참나무 나무못, [CAST], [LOCK] , [R-PAINT] , [STYLE] --ar 16:9 --sref [SEED] --sw 110 --no [FORBIDDEN]"
48,영상,5블-b1-v4.mp4,5,쇠못 함정에 걸려 추락하는 왜군 백병전 재현,b1,한산도 앞바다 해협,k4→k5,A,20,"Continue the same move at identical speed. No rotation, no zoom, no camera shake. Painterly brush texture and paper grain preserved."
49,이미지,5블-b1-k5.png,5,쇠못 함정에 걸려 추락하는 왜군 백병전 재현,b1,한산도 앞바다 해협,k5/5,A,20,"the same scene from the same camera height, closest framing of this beat, extreme wide establishing shot, flat overcast diffused light with almost no cast shadows, heavy atmospheric haze, 조선중기1550-1650, 용머리 장식, 철정(쇠못), 소나무 선체 판자, 참나무 나무못, [CAST], [LOCK] , [R-PAINT] , [STYLE] --ar 16:9 --sref [SEED] --sw 110 --no [FORBIDDEN]"
50,이미지,5블-b2-k1.png,5,쇠못 함정에 걸려 추락하는 왜군 백병전 재현,b2,여수 수군 진영,k1/5,A,20,"Yeosu naval garrison camp with wooden command platform and banners, wide shot, flat overcast diffused light with almost no cast shadows, heavy atmospheric haze, 조선중기1550-1650, 용머리 장식, 철정(쇠못), 소나무 선체 판자, 참나무 나무못, [CAST], [LOCK] , [R-PAINT] , [STYLE] --ar 16:9 --sref [SEED] --sw 110 --no [FORBIDDEN]"
50,영상,5블-b2-v1.mp4,5,쇠못 함정에 걸려 추락하는 왜군 백병전 재현,b2,여수 수군 진영,k1→k2,A,20,"Slow crane up at constant speed. No rotation, no zoom, no camera shake. Painterly brush texture and paper grain preserved."
51,이미지,5블-b2-k2.png,5,쇠못 함정에 걸려 추락하는 왜군 백병전 재현,b2,여수 수군 진영,k2/5,A,20,"the same scene from the same camera height, progressively closer (2 of 5), wide shot, flat overcast diffused light with almost no cast shadows, heavy atmospheric haze, 조선중기1550-1650, 용머리 장식, 철정(쇠못), 소나무 선체 판자, 참나무 나무못, [CAST], [LOCK] , [R-PAINT] , [STYLE] --ar 16:9 --sref [SEED] --sw 110 --no [FORBIDDEN]"
51,영상,5블-b2-v2.mp4,5,쇠못 함정에 걸려 추락하는 왜군 백병전 재현,b2,여수 수군 진영,k2→k3,A,20,"Continue the same move at identical speed. No rotation, no zoom, no camera shake. Painterly brush texture and paper grain preserved."
52,이미지,5블-b2-k3.png,5,쇠못 함정에 걸려 추락하는 왜군 백병전 재현,b2,여수 수군 진영,k3/5,A,20,"the same scene from the same camera height, progressively closer (3 of 5), wide shot, flat overcast diffused light with almost no cast shadows, heavy atmospheric haze, 조선중기1550-1650, 용머리 장식, 철정(쇠못), 소나무 선체 판자, 참나무 나무못, [CAST], [LOCK] , [R-PAINT] , [STYLE] --ar 16:9 --sref [SEED] --sw 110 --no [FORBIDDEN]"
52,영상,5블-b2-v3.mp4,5,쇠못 함정에 걸려 추락하는 왜군 백병전 재현,b2,여수 수군 진영,k3→k4,A,20,"Continue the same move at identical speed. No rotation, no zoom, no camera shake. Painterly brush texture and paper grain preserved."
53,이미지,5블-b2-k4.png,5,쇠못 함정에 걸려 추락하는 왜군 백병전 재현,b2,여수 수군 진영,k4/5,A,20,"the same scene from the same camera height, progressively closer (4 of 5), wide shot, flat overcast diffused light with almost no cast shadows, heavy atmospheric haze, 조선중기1550-1650, 용머리 장식, 철정(쇠못), 소나무 선체 판자, 참나무 나무못, [CAST], [LOCK] , [R-PAINT] , [STYLE] --ar 16:9 --sref [SEED] --sw 110 --no [FORBIDDEN]"
53,영상,5블-b2-v4.mp4,5,쇠못 함정에 걸려 추락하는 왜군 백병전 재현,b2,여수 수군 진영,k4→k5,A,20,"Continue the same move at identical speed. No rotation, no zoom, no camera shake. Painterly brush texture and paper grain preserved."
54,이미지,5블-b2-k5.png,5,쇠못 함정에 걸려 추락하는 왜군 백병전 재현,b2,여수 수군 진영,k5/5,A,20,"the same scene from the same camera height, closest framing of this beat, wide shot, flat overcast diffused light with almost no cast shadows, heavy atmospheric haze, 조선중기1550-1650, 용머리 장식, 철정(쇠못), 소나무 선체 판자, 참나무 나무못, [CAST], [LOCK] , [R-PAINT] , [STYLE] --ar 16:9 --sref [SEED] --sw 110 --no [FORBIDDEN]"
55,이미지,5블-b3-k1.png,5,쇠못 함정에 걸려 추락하는 왜군 백병전 재현,b3,거북선 갑판 내부,k1/5,A,20,"Interior deck of turtle ship, cramped wooden beams, oar benches, dim lantern light, medium shot, flat overcast diffused light with almost no cast shadows, heavy atmospheric haze, 조선중기1550-1650, 용머리 장식, 철정(쇠못), 소나무 선체 판자, 참나무 나무못, [CAST], [LOCK] , [R-PAINT] , [STYLE] --ar 16:9 --sref [SEED] --sw 110 --no [FORBIDDEN]"
55,영상,5블-b3-v1.mp4,5,쇠못 함정에 걸려 추락하는 왜군 백병전 재현,b3,거북선 갑판 내부,k1→k2,A,20,"Slow lateral tracking move to the right. No rotation, no zoom, no camera shake. Painterly brush texture and paper grain preserved."
56,이미지,5블-b3-k2.png,5,쇠못 함정에 걸려 추락하는 왜군 백병전 재현,b3,거북선 갑판 내부,k2/5,A,20,"the same scene from the same camera height, progressively closer (2 of 5), medium shot, flat overcast diffused light with almost no cast shadows, heavy atmospheric haze, 조선중기1550-1650, 용머리 장식, 철정(쇠못), 소나무 선체 판자, 참나무 나무못, [CAST], [LOCK] , [R-PAINT] , [STYLE] --ar 16:9 --sref [SEED] --sw 110 --no [FORBIDDEN]"
56,영상,5블-b3-v2.mp4,5,쇠못 함정에 걸려 추락하는 왜군 백병전 재현,b3,거북선 갑판 내부,k2→k3,A,20,"Continue the same move at identical speed. No rotation, no zoom, no camera shake. Painterly brush texture and paper grain preserved."
57,이미지,5블-b3-k3.png,5,쇠못 함정에 걸려 추락하는 왜군 백병전 재현,b3,거북선 갑판 내부,k3/5,A,20,"the same scene from the same camera height, progressively closer (3 of 5), medium shot, flat overcast diffused light with almost no cast shadows, heavy atmospheric haze, 조선중기1550-1650, 용머리 장식, 철정(쇠못), 소나무 선체 판자, 참나무 나무못, [CAST], [LOCK] , [R-PAINT] , [STYLE] --ar 16:9 --sref [SEED] --sw 110 --no [FORBIDDEN]"
57,영상,5블-b3-v3.mp4,5,쇠못 함정에 걸려 추락하는 왜군 백병전 재현,b3,거북선 갑판 내부,k3→k4,A,20,"Continue the same move at identical speed. No rotation, no zoom, no camera shake. Painterly brush texture and paper grain preserved."
58,이미지,5블-b3-k4.png,5,쇠못 함정에 걸려 추락하는 왜군 백병전 재현,b3,거북선 갑판 내부,k4/5,A,20,"the same scene from the same camera height, progressively closer (4 of 5), medium shot, flat overcast diffused light with almost no cast shadows, heavy atmospheric haze, 조선중기1550-1650, 용머리 장식, 철정(쇠못), 소나무 선체 판자, 참나무 나무못, [CAST], [LOCK] , [R-PAINT] , [STYLE] --ar 16:9 --sref [SEED] --sw 110 --no [FORBIDDEN]"
58,영상,5블-b3-v4.mp4,5,쇠못 함정에 걸려 추락하는 왜군 백병전 재현,b3,거북선 갑판 내부,k4→k5,A,20,"Continue the same move at identical speed. No rotation, no zoom, no camera shake. Painterly brush texture and paper grain preserved."
59,이미지,5블-b3-k5.png,5,쇠못 함정에 걸려 추락하는 왜군 백병전 재현,b3,거북선 갑판 내부,k5/5,A,20,"the same scene from the same camera height, closest framing of this beat, medium shot, flat overcast diffused light with almost no cast shadows, heavy atmospheric haze, 조선중기1550-1650, 용머리 장식, 철정(쇠못), 소나무 선체 판자, 참나무 나무못, [CAST], [LOCK] , [R-PAINT] , [STYLE] --ar 16:9 --sref [SEED] --sw 110 --no [FORBIDDEN]"
60,이미지,5블-b4-k1.png,5,쇠못 함정에 걸려 추락하는 왜군 백병전 재현,b4,조선 조선소 작업장,k1/4,A,20,"Joseon shipyard workshop with pine timber stacks and carpenter tools, tight close-up, flat overcast diffused light with almost no cast shadows, heavy atmospheric haze, 조선중기1550-1650, 용머리 장식, 철정(쇠못), 소나무 선체 판자, 참나무 나무못, [CAST], [LOCK] , [R-PAINT] , [STYLE] --ar 16:9 --sref [SEED] --sw 110 --no [FORBIDDEN]"
60,영상,5블-b4-v1.mp4,5,쇠못 함정에 걸려 추락하는 왜군 백병전 재현,b4,조선 조선소 작업장,k1→k2,A,20,"Locked-off camera with no movement at all, only the subject moves. No rotation, no zoom, no camera shake. Painterly brush texture and paper grain preserved."
61,이미지,5블-b4-k2.png,5,쇠못 함정에 걸려 추락하는 왜군 백병전 재현,b4,조선 조선소 작업장,k2/4,A,20,"the same scene from the same camera height, progressively closer (2 of 4), tight close-up, flat overcast diffused light with almost no cast shadows, heavy atmospheric haze, 조선중기1550-1650, 용머리 장식, 철정(쇠못), 소나무 선체 판자, 참나무 나무못, [CAST], [LOCK] , [R-PAINT] , [STYLE] --ar 16:9 --sref [SEED] --sw 110 --no [FORBIDDEN]"
61,영상,5블-b4-v2.mp4,5,쇠못 함정에 걸려 추락하는 왜군 백병전 재현,b4,조선 조선소 작업장,k2→k3,A,20,"Continue the same move at identical speed. No rotation, no zoom, no camera shake. Painterly brush texture and paper grain preserved."
62,이미지,5블-b4-k3.png,5,쇠못 함정에 걸려 추락하는 왜군 백병전 재현,b4,조선 조선소 작업장,k3/4,A,20,"the same scene from the same camera height, progressively closer (3 of 4), tight close-up, flat overcast diffused light with almost no cast shadows, heavy atmospheric haze, 조선중기1550-1650, 용머리 장식, 철정(쇠못), 소나무 선체 판자, 참나무 나무못, [CAST], [LOCK] , [R-PAINT] , [STYLE] --ar 16:9 --sref [SEED] --sw 110 --no [FORBIDDEN]"
62,영상,5블-b4-v3.mp4,5,쇠못 함정에 걸려 추락하는 왜군 백병전 재현,b4,조선 조선소 작업장,k3→k4,A,20,"Continue the same move at identical speed. No rotation, no zoom, no camera shake. Painterly brush texture and paper grain preserved."
63,이미지,5블-b4-k4.png,5,쇠못 함정에 걸려 추락하는 왜군 백병전 재현,b4,조선 조선소 작업장,k4/4,A,20,"the same scene from the same camera height, closest framing of this beat, tight close-up, flat overcast diffused light with almost no cast shadows, heavy atmospheric haze, 조선중기1550-1650, 용머리 장식, 철정(쇠못), 소나무 선체 판자, 참나무 나무못, [CAST], [LOCK] , [R-PAINT] , [STYLE] --ar 16:9 --sref [SEED] --sw 110 --no [FORBIDDEN]"
64,이미지,6블-b1-k1.png,6,철갑 대신 기동성을 택한 조선공학 설계 비교 도해,b1,한산도 앞바다 해협,k1/3,C,19,"Strait off Hansan Island, open sea battlefield with distant cliffs, dawn mist, extreme wide establishing shot, even neutral light on a plain seamless ground, subject isolated, no environment, 조선중기1550-1650, 용머리 장식, 철정(쇠못), 소나무 선체 판자, 참나무 나무못, [CAST], [LOCK] , [R-PAINT] , [STYLE] --ar 16:9 --sref [SEED] --sw 110 --no [FORBIDDEN]"
64,영상,6블-b1-v1.mp4,6,철갑 대신 기동성을 택한 조선공학 설계 비교 도해,b1,한산도 앞바다 해협,k1→k2,C,19,"Very slow forward dolly at constant camera height. No rotation, no zoom, no camera shake. Painterly brush texture and paper grain preserved."
65,이미지,6블-b1-k2.png,6,철갑 대신 기동성을 택한 조선공학 설계 비교 도해,b1,한산도 앞바다 해협,k2/3,C,19,"the same scene from the same camera height, progressively closer (2 of 3), extreme wide establishing shot, even neutral light on a plain seamless ground, subject isolated, no environment, 조선중기1550-1650, 용머리 장식, 철정(쇠못), 소나무 선체 판자, 참나무 나무못, [CAST], [LOCK] , [R-PAINT] , [STYLE] --ar 16:9 --sref [SEED] --sw 110 --no [FORBIDDEN]"
65,영상,6블-b1-v2.mp4,6,철갑 대신 기동성을 택한 조선공학 설계 비교 도해,b1,한산도 앞바다 해협,k2→k3,C,19,"Continue the same move at identical speed. No rotation, no zoom, no camera shake. Painterly brush texture and paper grain preserved."
66,이미지,6블-b1-k3.png,6,철갑 대신 기동성을 택한 조선공학 설계 비교 도해,b1,한산도 앞바다 해협,k3/3,C,19,"the same scene from the same camera height, closest framing of this beat, extreme wide establishing shot, even neutral light on a plain seamless ground, subject isolated, no environment, 조선중기1550-1650, 용머리 장식, 철정(쇠못), 소나무 선체 판자, 참나무 나무못, [CAST], [LOCK] , [R-PAINT] , [STYLE] --ar 16:9 --sref [SEED] --sw 110 --no [FORBIDDEN]"
67,이미지,6블-b2-k1.png,6,철갑 대신 기동성을 택한 조선공학 설계 비교 도해,b2,여수 수군 진영,k1/3,C,19,"Yeosu naval garrison camp with wooden command platform and banners, wide shot, even neutral light on a plain seamless ground, subject isolated, no environment, 조선중기1550-1650, 용머리 장식, 철정(쇠못), 소나무 선체 판자, 참나무 나무못, [CAST], [LOCK] , [R-PAINT] , [STYLE] --ar 16:9 --sref [SEED] --sw 110 --no [FORBIDDEN]"
67,영상,6블-b2-v1.mp4,6,철갑 대신 기동성을 택한 조선공학 설계 비교 도해,b2,여수 수군 진영,k1→k2,C,19,"Slow crane up at constant speed. No rotation, no zoom, no camera shake. Painterly brush texture and paper grain preserved."
68,이미지,6블-b2-k2.png,6,철갑 대신 기동성을 택한 조선공학 설계 비교 도해,b2,여수 수군 진영,k2/3,C,19,"the same scene from the same camera height, progressively closer (2 of 3), wide shot, even neutral light on a plain seamless ground, subject isolated, no environment, 조선중기1550-1650, 용머리 장식, 철정(쇠못), 소나무 선체 판자, 참나무 나무못, [CAST], [LOCK] , [R-PAINT] , [STYLE] --ar 16:9 --sref [SEED] --sw 110 --no [FORBIDDEN]"
68,영상,6블-b2-v2.mp4,6,철갑 대신 기동성을 택한 조선공학 설계 비교 도해,b2,여수 수군 진영,k2→k3,C,19,"Continue the same move at identical speed. No rotation, no zoom, no camera shake. Painterly brush texture and paper grain preserved."
69,이미지,6블-b2-k3.png,6,철갑 대신 기동성을 택한 조선공학 설계 비교 도해,b2,여수 수군 진영,k3/3,C,19,"the same scene from the same camera height, closest framing of this beat, wide shot, even neutral light on a plain seamless ground, subject isolated, no environment, 조선중기1550-1650, 용머리 장식, 철정(쇠못), 소나무 선체 판자, 참나무 나무못, [CAST], [LOCK] , [R-PAINT] , [STYLE] --ar 16:9 --sref [SEED] --sw 110 --no [FORBIDDEN]"
70,이미지,6블-b3-k1.png,6,철갑 대신 기동성을 택한 조선공학 설계 비교 도해,b3,거북선 갑판 내부,k1/3,C,19,"Interior deck of turtle ship, cramped wooden beams, oar benches, dim lantern light, medium shot, even neutral light on a plain seamless ground, subject isolated, no environment, 조선중기1550-1650, 용머리 장식, 철정(쇠못), 소나무 선체 판자, 참나무 나무못, [CAST], [LOCK] , [R-PAINT] , [STYLE] --ar 16:9 --sref [SEED] --sw 110 --no [FORBIDDEN]"
70,영상,6블-b3-v1.mp4,6,철갑 대신 기동성을 택한 조선공학 설계 비교 도해,b3,거북선 갑판 내부,k1→k2,C,19,"Slow lateral tracking move to the right. No rotation, no zoom, no camera shake. Painterly brush texture and paper grain preserved."
71,이미지,6블-b3-k2.png,6,철갑 대신 기동성을 택한 조선공학 설계 비교 도해,b3,거북선 갑판 내부,k2/3,C,19,"the same scene from the same camera height, progressively closer (2 of 3), medium shot, even neutral light on a plain seamless ground, subject isolated, no environment, 조선중기1550-1650, 용머리 장식, 철정(쇠못), 소나무 선체 판자, 참나무 나무못, [CAST], [LOCK] , [R-PAINT] , [STYLE] --ar 16:9 --sref [SEED] --sw 110 --no [FORBIDDEN]"
71,영상,6블-b3-v2.mp4,6,철갑 대신 기동성을 택한 조선공학 설계 비교 도해,b3,거북선 갑판 내부,k2→k3,C,19,"Continue the same move at identical speed. No rotation, no zoom, no camera shake. Painterly brush texture and paper grain preserved."
72,이미지,6블-b3-k3.png,6,철갑 대신 기동성을 택한 조선공학 설계 비교 도해,b3,거북선 갑판 내부,k3/3,C,19,"the same scene from the same camera height, closest framing of this beat, medium shot, even neutral light on a plain seamless ground, subject isolated, no environment, 조선중기1550-1650, 용머리 장식, 철정(쇠못), 소나무 선체 판자, 참나무 나무못, [CAST], [LOCK] , [R-PAINT] , [STYLE] --ar 16:9 --sref [SEED] --sw 110 --no [FORBIDDEN]"
73,이미지,6블-b4-k1.png,6,철갑 대신 기동성을 택한 조선공학 설계 비교 도해,b4,조선 조선소 작업장,k1/2,C,19,"Joseon shipyard workshop with pine timber stacks and carpenter tools, tight close-up, even neutral light on a plain seamless ground, subject isolated, no environment, 조선중기1550-1650, 용머리 장식, 철정(쇠못), 소나무 선체 판자, 참나무 나무못, [CAST], [LOCK] , [R-PAINT] , [STYLE] --ar 16:9 --sref [SEED] --sw 110 --no [FORBIDDEN]"
73,영상,6블-b4-v1.mp4,6,철갑 대신 기동성을 택한 조선공학 설계 비교 도해,b4,조선 조선소 작업장,k1→k2,C,19,"Locked-off camera with no movement at all, only the subject moves. No rotation, no zoom, no camera shake. Painterly brush texture and paper grain preserved."
74,이미지,6블-b4-k2.png,6,철갑 대신 기동성을 택한 조선공학 설계 비교 도해,b4,조선 조선소 작업장,k2/2,C,19,"the same scene from the same camera height, closest framing of this beat, tight close-up, even neutral light on a plain seamless ground, subject isolated, no environment, 조선중기1550-1650, 용머리 장식, 철정(쇠못), 소나무 선체 판자, 참나무 나무못, [CAST], [LOCK] , [R-PAINT] , [STYLE] --ar 16:9 --sref [SEED] --sw 110 --no [FORBIDDEN]"
75,이미지,7블-b1-k1.png,7,용머리 연막탄과 황자총통 발사 매커니즘 도해,b1,한산도 앞바다 해협,k1/4,C,20,"Strait off Hansan Island, open sea battlefield with distant cliffs, dawn mist, extreme wide establishing shot, even neutral light on a plain seamless ground, subject isolated, no environment, 조선중기1550-1650, 용머리 장식, 철정(쇠못), 소나무 선체 판자, 참나무 나무못, [CAST], [LOCK] , [R-PAINT] , [STYLE] --ar 16:9 --sref [SEED] --sw 110 --no [FORBIDDEN]"
75,영상,7블-b1-v1.mp4,7,용머리 연막탄과 황자총통 발사 매커니즘 도해,b1,한산도 앞바다 해협,k1→k2,C,20,"Very slow forward dolly at constant camera height. No rotation, no zoom, no camera shake. Painterly brush texture and paper grain preserved."
76,이미지,7블-b1-k2.png,7,용머리 연막탄과 황자총통 발사 매커니즘 도해,b1,한산도 앞바다 해협,k2/4,C,20,"the same scene from the same camera height, progressively closer (2 of 4), extreme wide establishing shot, even neutral light on a plain seamless ground, subject isolated, no environment, 조선중기1550-1650, 용머리 장식, 철정(쇠못), 소나무 선체 판자, 참나무 나무못, [CAST], [LOCK] , [R-PAINT] , [STYLE] --ar 16:9 --sref [SEED] --sw 110 --no [FORBIDDEN]"
76,영상,7블-b1-v2.mp4,7,용머리 연막탄과 황자총통 발사 매커니즘 도해,b1,한산도 앞바다 해협,k2→k3,C,20,"Continue the same move at identical speed. No rotation, no zoom, no camera shake. Painterly brush texture and paper grain preserved."
77,이미지,7블-b1-k3.png,7,용머리 연막탄과 황자총통 발사 매커니즘 도해,b1,한산도 앞바다 해협,k3/4,C,20,"the same scene from the same camera height, progressively closer (3 of 4), extreme wide establishing shot, even neutral light on a plain seamless ground, subject isolated, no environment, 조선중기1550-1650, 용머리 장식, 철정(쇠못), 소나무 선체 판자, 참나무 나무못, [CAST], [LOCK] , [R-PAINT] , [STYLE] --ar 16:9 --sref [SEED] --sw 110 --no [FORBIDDEN]"
77,영상,7블-b1-v3.mp4,7,용머리 연막탄과 황자총통 발사 매커니즘 도해,b1,한산도 앞바다 해협,k3→k4,C,20,"Continue the same move at identical speed. No rotation, no zoom, no camera shake. Painterly brush texture and paper grain preserved."
78,이미지,7블-b1-k4.png,7,용머리 연막탄과 황자총통 발사 매커니즘 도해,b1,한산도 앞바다 해협,k4/4,C,20,"the same scene from the same camera height, closest framing of this beat, extreme wide establishing shot, even neutral light on a plain seamless ground, subject isolated, no environment, 조선중기1550-1650, 용머리 장식, 철정(쇠못), 소나무 선체 판자, 참나무 나무못, [CAST], [LOCK] , [R-PAINT] , [STYLE] --ar 16:9 --sref [SEED] --sw 110 --no [FORBIDDEN]"
79,이미지,7블-b2-k1.png,7,용머리 연막탄과 황자총통 발사 매커니즘 도해,b2,여수 수군 진영,k1/4,C,20,"Yeosu naval garrison camp with wooden command platform and banners, wide shot, even neutral light on a plain seamless ground, subject isolated, no environment, 조선중기1550-1650, 용머리 장식, 철정(쇠못), 소나무 선체 판자, 참나무 나무못, [CAST], [LOCK] , [R-PAINT] , [STYLE] --ar 16:9 --sref [SEED] --sw 110 --no [FORBIDDEN]"
79,영상,7블-b2-v1.mp4,7,용머리 연막탄과 황자총통 발사 매커니즘 도해,b2,여수 수군 진영,k1→k2,C,20,"Slow crane up at constant speed. No rotation, no zoom, no camera shake. Painterly brush texture and paper grain preserved."
80,이미지,7블-b2-k2.png,7,용머리 연막탄과 황자총통 발사 매커니즘 도해,b2,여수 수군 진영,k2/4,C,20,"the same scene from the same camera height, progressively closer (2 of 4), wide shot, even neutral light on a plain seamless ground, subject isolated, no environment, 조선중기1550-1650, 용머리 장식, 철정(쇠못), 소나무 선체 판자, 참나무 나무못, [CAST], [LOCK] , [R-PAINT] , [STYLE] --ar 16:9 --sref [SEED] --sw 110 --no [FORBIDDEN]"
80,영상,7블-b2-v2.mp4,7,용머리 연막탄과 황자총통 발사 매커니즘 도해,b2,여수 수군 진영,k2→k3,C,20,"Continue the same move at identical speed. No rotation, no zoom, no camera shake. Painterly brush texture and paper grain preserved."
81,이미지,7블-b2-k3.png,7,용머리 연막탄과 황자총통 발사 매커니즘 도해,b2,여수 수군 진영,k3/4,C,20,"the same scene from the same camera height, progressively closer (3 of 4), wide shot, even neutral light on a plain seamless ground, subject isolated, no environment, 조선중기1550-1650, 용머리 장식, 철정(쇠못), 소나무 선체 판자, 참나무 나무못, [CAST], [LOCK] , [R-PAINT] , [STYLE] --ar 16:9 --sref [SEED] --sw 110 --no [FORBIDDEN]"
81,영상,7블-b2-v3.mp4,7,용머리 연막탄과 황자총통 발사 매커니즘 도해,b2,여수 수군 진영,k3→k4,C,20,"Continue the same move at identical speed. No rotation, no zoom, no camera shake. Painterly brush texture and paper grain preserved."
82,이미지,7블-b2-k4.png,7,용머리 연막탄과 황자총통 발사 매커니즘 도해,b2,여수 수군 진영,k4/4,C,20,"the same scene from the same camera height, closest framing of this beat, wide shot, even neutral light on a plain seamless ground, subject isolated, no environment, 조선중기1550-1650, 용머리 장식, 철정(쇠못), 소나무 선체 판자, 참나무 나무못, [CAST], [LOCK] , [R-PAINT] , [STYLE] --ar 16:9 --sref [SEED] --sw 110 --no [FORBIDDEN]"
83,이미지,7블-b3-k1.png,7,용머리 연막탄과 황자총통 발사 매커니즘 도해,b3,거북선 갑판 내부,k1/4,C,20,"Interior deck of turtle ship, cramped wooden beams, oar benches, dim lantern light, medium shot, even neutral light on a plain seamless ground, subject isolated, no environment, 조선중기1550-1650, 용머리 장식, 철정(쇠못), 소나무 선체 판자, 참나무 나무못, [CAST], [LOCK] , [R-PAINT] , [STYLE] --ar 16:9 --sref [SEED] --sw 110 --no [FORBIDDEN]"
83,영상,7블-b3-v1.mp4,7,용머리 연막탄과 황자총통 발사 매커니즘 도해,b3,거북선 갑판 내부,k1→k2,C,20,"Slow lateral tracking move to the right. No rotation, no zoom, no camera shake. Painterly brush texture and paper grain preserved."
84,이미지,7블-b3-k2.png,7,용머리 연막탄과 황자총통 발사 매커니즘 도해,b3,거북선 갑판 내부,k2/4,C,20,"the same scene from the same camera height, progressively closer (2 of 4), medium shot, even neutral light on a plain seamless ground, subject isolated, no environment, 조선중기1550-1650, 용머리 장식, 철정(쇠못), 소나무 선체 판자, 참나무 나무못, [CAST], [LOCK] , [R-PAINT] , [STYLE] --ar 16:9 --sref [SEED] --sw 110 --no [FORBIDDEN]"
84,영상,7블-b3-v2.mp4,7,용머리 연막탄과 황자총통 발사 매커니즘 도해,b3,거북선 갑판 내부,k2→k3,C,20,"Continue the same move at identical speed. No rotation, no zoom, no camera shake. Painterly brush texture and paper grain preserved."
85,이미지,7블-b3-k3.png,7,용머리 연막탄과 황자총통 발사 매커니즘 도해,b3,거북선 갑판 내부,k3/4,C,20,"the same scene from the same camera height, progressively closer (3 of 4), medium shot, even neutral light on a plain seamless ground, subject isolated, no environment, 조선중기1550-1650, 용머리 장식, 철정(쇠못), 소나무 선체 판자, 참나무 나무못, [CAST], [LOCK] , [R-PAINT] , [STYLE] --ar 16:9 --sref [SEED] --sw 110 --no [FORBIDDEN]"
85,영상,7블-b3-v3.mp4,7,용머리 연막탄과 황자총통 발사 매커니즘 도해,b3,거북선 갑판 내부,k3→k4,C,20,"Continue the same move at identical speed. No rotation, no zoom, no camera shake. Painterly brush texture and paper grain preserved."
86,이미지,7블-b3-k4.png,7,용머리 연막탄과 황자총통 발사 매커니즘 도해,b3,거북선 갑판 내부,k4/4,C,20,"the same scene from the same camera height, closest framing of this beat, medium shot, even neutral light on a plain seamless ground, subject isolated, no environment, 조선중기1550-1650, 용머리 장식, 철정(쇠못), 소나무 선체 판자, 참나무 나무못, [CAST], [LOCK] , [R-PAINT] , [STYLE] --ar 16:9 --sref [SEED] --sw 110 --no [FORBIDDEN]"
87,이미지,7블-b4-k1.png,7,용머리 연막탄과 황자총통 발사 매커니즘 도해,b4,조선 조선소 작업장,k1/3,C,20,"Joseon shipyard workshop with pine timber stacks and carpenter tools, tight close-up, even neutral light on a plain seamless ground, subject isolated, no environment, 조선중기1550-1650, 용머리 장식, 철정(쇠못), 소나무 선체 판자, 참나무 나무못, [CAST], [LOCK] , [R-PAINT] , [STYLE] --ar 16:9 --sref [SEED] --sw 110 --no [FORBIDDEN]"
87,영상,7블-b4-v1.mp4,7,용머리 연막탄과 황자총통 발사 매커니즘 도해,b4,조선 조선소 작업장,k1→k2,C,20,"Locked-off camera with no movement at all, only the subject moves. No rotation, no zoom, no camera shake. Painterly brush texture and paper grain preserved."
88,이미지,7블-b4-k2.png,7,용머리 연막탄과 황자총통 발사 매커니즘 도해,b4,조선 조선소 작업장,k2/3,C,20,"the same scene from the same camera height, progressively closer (2 of 3), tight close-up, even neutral light on a plain seamless ground, subject isolated, no environment, 조선중기1550-1650, 용머리 장식, 철정(쇠못), 소나무 선체 판자, 참나무 나무못, [CAST], [LOCK] , [R-PAINT] , [STYLE] --ar 16:9 --sref [SEED] --sw 110 --no [FORBIDDEN]"
88,영상,7블-b4-v2.mp4,7,용머리 연막탄과 황자총통 발사 매커니즘 도해,b4,조선 조선소 작업장,k2→k3,C,20,"Continue the same move at identical speed. No rotation, no zoom, no camera shake. Painterly brush texture and paper grain preserved."
89,이미지,7블-b4-k3.png,7,용머리 연막탄과 황자총통 발사 매커니즘 도해,b4,조선 조선소 작업장,k3/3,C,20,"the same scene from the same camera height, closest framing of this beat, tight close-up, even neutral light on a plain seamless ground, subject isolated, no environment, 조선중기1550-1650, 용머리 장식, 철정(쇠못), 소나무 선체 판자, 참나무 나무못, [CAST], [LOCK] , [R-PAINT] , [STYLE] --ar 16:9 --sref [SEED] --sw 110 --no [FORBIDDEN]"
90,이미지,8블-b1-k1.png,8,소나무·나무못과 삼나무·쇠못 결합 구조 비교 실험,b1,한산도 앞바다 해협,k1/3,C,18,"Strait off Hansan Island, open sea battlefield with distant cliffs, dawn mist, extreme wide establishing shot, even neutral light on a plain seamless ground, subject isolated, no environment, 조선중기1550-1650, 용머리 장식, 철정(쇠못), 소나무 선체 판자, 참나무 나무못, [CAST], [LOCK] , [R-PAINT] , [STYLE] --ar 16:9 --sref [SEED] --sw 110 --no [FORBIDDEN]"
90,영상,8블-b1-v1.mp4,8,소나무·나무못과 삼나무·쇠못 결합 구조 비교 실험,b1,한산도 앞바다 해협,k1→k2,C,18,"Very slow forward dolly at constant camera height. No rotation, no zoom, no camera shake. Painterly brush texture and paper grain preserved."
91,이미지,8블-b1-k2.png,8,소나무·나무못과 삼나무·쇠못 결합 구조 비교 실험,b1,한산도 앞바다 해협,k2/3,C,18,"the same scene from the same camera height, progressively closer (2 of 3), extreme wide establishing shot, even neutral light on a plain seamless ground, subject isolated, no environment, 조선중기1550-1650, 용머리 장식, 철정(쇠못), 소나무 선체 판자, 참나무 나무못, [CAST], [LOCK] , [R-PAINT] , [STYLE] --ar 16:9 --sref [SEED] --sw 110 --no [FORBIDDEN]"
91,영상,8블-b1-v2.mp4,8,소나무·나무못과 삼나무·쇠못 결합 구조 비교 실험,b1,한산도 앞바다 해협,k2→k3,C,18,"Continue the same move at identical speed. No rotation, no zoom, no camera shake. Painterly brush texture and paper grain preserved."
92,이미지,8블-b1-k3.png,8,소나무·나무못과 삼나무·쇠못 결합 구조 비교 실험,b1,한산도 앞바다 해협,k3/3,C,18,"the same scene from the same camera height, closest framing of this beat, extreme wide establishing shot, even neutral light on a plain seamless ground, subject isolated, no environment, 조선중기1550-1650, 용머리 장식, 철정(쇠못), 소나무 선체 판자, 참나무 나무못, [CAST], [LOCK] , [R-PAINT] , [STYLE] --ar 16:9 --sref [SEED] --sw 110 --no [FORBIDDEN]"
93,이미지,8블-b2-k1.png,8,소나무·나무못과 삼나무·쇠못 결합 구조 비교 실험,b2,여수 수군 진영,k1/3,C,18,"Yeosu naval garrison camp with wooden command platform and banners, wide shot, even neutral light on a plain seamless ground, subject isolated, no environment, 조선중기1550-1650, 용머리 장식, 철정(쇠못), 소나무 선체 판자, 참나무 나무못, [CAST], [LOCK] , [R-PAINT] , [STYLE] --ar 16:9 --sref [SEED] --sw 110 --no [FORBIDDEN]"
93,영상,8블-b2-v1.mp4,8,소나무·나무못과 삼나무·쇠못 결합 구조 비교 실험,b2,여수 수군 진영,k1→k2,C,18,"Slow crane up at constant speed. No rotation, no zoom, no camera shake. Painterly brush texture and paper grain preserved."
94,이미지,8블-b2-k2.png,8,소나무·나무못과 삼나무·쇠못 결합 구조 비교 실험,b2,여수 수군 진영,k2/3,C,18,"the same scene from the same camera height, progressively closer (2 of 3), wide shot, even neutral light on a plain seamless ground, subject isolated, no environment, 조선중기1550-1650, 용머리 장식, 철정(쇠못), 소나무 선체 판자, 참나무 나무못, [CAST], [LOCK] , [R-PAINT] , [STYLE] --ar 16:9 --sref [SEED] --sw 110 --no [FORBIDDEN]"
94,영상,8블-b2-v2.mp4,8,소나무·나무못과 삼나무·쇠못 결합 구조 비교 실험,b2,여수 수군 진영,k2→k3,C,18,"Continue the same move at identical speed. No rotation, no zoom, no camera shake. Painterly brush texture and paper grain preserved."
95,이미지,8블-b2-k3.png,8,소나무·나무못과 삼나무·쇠못 결합 구조 비교 실험,b2,여수 수군 진영,k3/3,C,18,"the same scene from the same camera height, closest framing of this beat, wide shot, even neutral light on a plain seamless ground, subject isolated, no environment, 조선중기1550-1650, 용머리 장식, 철정(쇠못), 소나무 선체 판자, 참나무 나무못, [CAST], [LOCK] , [R-PAINT] , [STYLE] --ar 16:9 --sref [SEED] --sw 110 --no [FORBIDDEN]"
96,이미지,8블-b3-k1.png,8,소나무·나무못과 삼나무·쇠못 결합 구조 비교 실험,b3,거북선 갑판 내부,k1/3,C,18,"Interior deck of turtle ship, cramped wooden beams, oar benches, dim lantern light, medium shot, even neutral light on a plain seamless ground, subject isolated, no environment, 조선중기1550-1650, 용머리 장식, 철정(쇠못), 소나무 선체 판자, 참나무 나무못, [CAST], [LOCK] , [R-PAINT] , [STYLE] --ar 16:9 --sref [SEED] --sw 110 --no [FORBIDDEN]"
96,영상,8블-b3-v1.mp4,8,소나무·나무못과 삼나무·쇠못 결합 구조 비교 실험,b3,거북선 갑판 내부,k1→k2,C,18,"Slow lateral tracking move to the right. No rotation, no zoom, no camera shake. Painterly brush texture and paper grain preserved."
97,이미지,8블-b3-k2.png,8,소나무·나무못과 삼나무·쇠못 결합 구조 비교 실험,b3,거북선 갑판 내부,k2/3,C,18,"the same scene from the same camera height, progressively closer (2 of 3), medium shot, even neutral light on a plain seamless ground, subject isolated, no environment, 조선중기1550-1650, 용머리 장식, 철정(쇠못), 소나무 선체 판자, 참나무 나무못, [CAST], [LOCK] , [R-PAINT] , [STYLE] --ar 16:9 --sref [SEED] --sw 110 --no [FORBIDDEN]"
97,영상,8블-b3-v2.mp4,8,소나무·나무못과 삼나무·쇠못 결합 구조 비교 실험,b3,거북선 갑판 내부,k2→k3,C,18,"Continue the same move at identical speed. No rotation, no zoom, no camera shake. Painterly brush texture and paper grain preserved."
98,이미지,8블-b3-k3.png,8,소나무·나무못과 삼나무·쇠못 결합 구조 비교 실험,b3,거북선 갑판 내부,k3/3,C,18,"the same scene from the same camera height, closest framing of this beat, medium shot, even neutral light on a plain seamless ground, subject isolated, no environment, 조선중기1550-1650, 용머리 장식, 철정(쇠못), 소나무 선체 판자, 참나무 나무못, [CAST], [LOCK] , [R-PAINT] , [STYLE] --ar 16:9 --sref [SEED] --sw 110 --no [FORBIDDEN]"
99,이미지,8블-b4-k1.png,8,소나무·나무못과 삼나무·쇠못 결합 구조 비교 실험,b4,조선 조선소 작업장,k1/3,C,18,"Joseon shipyard workshop with pine timber stacks and carpenter tools, tight close-up, even neutral light on a plain seamless ground, subject isolated, no environment, 조선중기1550-1650, 용머리 장식, 철정(쇠못), 소나무 선체 판자, 참나무 나무못, [CAST], [LOCK] , [R-PAINT] , [STYLE] --ar 16:9 --sref [SEED] --sw 110 --no [FORBIDDEN]"
99,영상,8블-b4-v1.mp4,8,소나무·나무못과 삼나무·쇠못 결합 구조 비교 실험,b4,조선 조선소 작업장,k1→k2,C,18,"Locked-off camera with no movement at all, only the subject moves. No rotation, no zoom, no camera shake. Painterly brush texture and paper grain preserved."
100,이미지,8블-b4-k2.png,8,소나무·나무못과 삼나무·쇠못 결합 구조 비교 실험,b4,조선 조선소 작업장,k2/3,C,18,"the same scene from the same camera height, progressively closer (2 of 3), tight close-up, even neutral light on a plain seamless ground, subject isolated, no environment, 조선중기1550-1650, 용머리 장식, 철정(쇠못), 소나무 선체 판자, 참나무 나무못, [CAST], [LOCK] , [R-PAINT] , [STYLE] --ar 16:9 --sref [SEED] --sw 110 --no [FORBIDDEN]"
100,영상,8블-b4-v2.mp4,8,소나무·나무못과 삼나무·쇠못 결합 구조 비교 실험,b4,조선 조선소 작업장,k2→k3,C,18,"Continue the same move at identical speed. No rotation, no zoom, no camera shake. Painterly brush texture and paper grain preserved."
101,이미지,8블-b4-k3.png,8,소나무·나무못과 삼나무·쇠못 결합 구조 비교 실험,b4,조선 조선소 작업장,k3/3,C,18,"the same scene from the same camera height, closest framing of this beat, tight close-up, even neutral light on a plain seamless ground, subject isolated, no environment, 조선중기1550-1650, 용머리 장식, 철정(쇠못), 소나무 선체 판자, 참나무 나무못, [CAST], [LOCK] , [R-PAINT] , [STYLE] --ar 16:9 --sref [SEED] --sw 110 --no [FORBIDDEN]"
102,이미지,8블-b5-k1.png,8,소나무·나무못과 삼나무·쇠못 결합 구조 비교 실험,b5,용머리 포문 구역,k1/2,C,18,"Dragon-head bow section of turtle ship with hidden cannon port and smoke vents, extreme close-up detail shot, even neutral light on a plain seamless ground, subject isolated, no environment, 조선중기1550-1650, 용머리 장식, 철정(쇠못), 소나무 선체 판자, 참나무 나무못, [CAST], [LOCK] , [R-PAINT] , [STYLE] --ar 16:9 --sref [SEED] --sw 110 --no [FORBIDDEN]"
102,영상,8블-b5-v1.mp4,8,소나무·나무못과 삼나무·쇠못 결합 구조 비교 실험,b5,용머리 포문 구역,k1→k2,C,18,"Slow pull back at constant speed. No rotation, no zoom, no camera shake. Painterly brush texture and paper grain preserved."
103,이미지,8블-b5-k2.png,8,소나무·나무못과 삼나무·쇠못 결합 구조 비교 실험,b5,용머리 포문 구역,k2/2,C,18,"the same scene from the same camera height, closest framing of this beat, extreme close-up detail shot, even neutral light on a plain seamless ground, subject isolated, no environment, 조선중기1550-1650, 용머리 장식, 철정(쇠못), 소나무 선체 판자, 참나무 나무못, [CAST], [LOCK] , [R-PAINT] , [STYLE] --ar 16:9 --sref [SEED] --sw 110 --no [FORBIDDEN]"
104,이미지,9블-b1-k1.png,9,거북선 충파로 왜선이 산산조각 나는 충돌 장면,b1,한산도 앞바다 해협,k1/6,A,23,"Strait off Hansan Island, open sea battlefield with distant cliffs, dawn mist, extreme wide establishing shot, flat overcast diffused light with almost no cast shadows, heavy atmospheric haze, 조선중기1550-1650, 용머리 장식, 철정(쇠못), 소나무 선체 판자, 참나무 나무못, [CAST], [LOCK] , [R-PAINT] , [STYLE] --ar 16:9 --sref [SEED] --sw 110 --no [FORBIDDEN]"
104,영상,9블-b1-v1.mp4,9,거북선 충파로 왜선이 산산조각 나는 충돌 장면,b1,한산도 앞바다 해협,k1→k2,A,23,"Very slow forward dolly at constant camera height. No rotation, no zoom, no camera shake. Painterly brush texture and paper grain preserved."
105,이미지,9블-b1-k2.png,9,거북선 충파로 왜선이 산산조각 나는 충돌 장면,b1,한산도 앞바다 해협,k2/6,A,23,"the same scene from the same camera height, progressively closer (2 of 6), extreme wide establishing shot, flat overcast diffused light with almost no cast shadows, heavy atmospheric haze, 조선중기1550-1650, 용머리 장식, 철정(쇠못), 소나무 선체 판자, 참나무 나무못, [CAST], [LOCK] , [R-PAINT] , [STYLE] --ar 16:9 --sref [SEED] --sw 110 --no [FORBIDDEN]"
105,영상,9블-b1-v2.mp4,9,거북선 충파로 왜선이 산산조각 나는 충돌 장면,b1,한산도 앞바다 해협,k2→k3,A,23,"Continue the same move at identical speed. No rotation, no zoom, no camera shake. Painterly brush texture and paper grain preserved."
106,이미지,9블-b1-k3.png,9,거북선 충파로 왜선이 산산조각 나는 충돌 장면,b1,한산도 앞바다 해협,k3/6,A,23,"the same scene from the same camera height, progressively closer (3 of 6), extreme wide establishing shot, flat overcast diffused light with almost no cast shadows, heavy atmospheric haze, 조선중기1550-1650, 용머리 장식, 철정(쇠못), 소나무 선체 판자, 참나무 나무못, [CAST], [LOCK] , [R-PAINT] , [STYLE] --ar 16:9 --sref [SEED] --sw 110 --no [FORBIDDEN]"
106,영상,9블-b1-v3.mp4,9,거북선 충파로 왜선이 산산조각 나는 충돌 장면,b1,한산도 앞바다 해협,k3→k4,A,23,"Continue the same move at identical speed. No rotation, no zoom, no camera shake. Painterly brush texture and paper grain preserved."
107,이미지,9블-b1-k4.png,9,거북선 충파로 왜선이 산산조각 나는 충돌 장면,b1,한산도 앞바다 해협,k4/6,A,23,"the same scene from the same camera height, progressively closer (4 of 6), extreme wide establishing shot, flat overcast diffused light with almost no cast shadows, heavy atmospheric haze, 조선중기1550-1650, 용머리 장식, 철정(쇠못), 소나무 선체 판자, 참나무 나무못, [CAST], [LOCK] , [R-PAINT] , [STYLE] --ar 16:9 --sref [SEED] --sw 110 --no [FORBIDDEN]"
107,영상,9블-b1-v4.mp4,9,거북선 충파로 왜선이 산산조각 나는 충돌 장면,b1,한산도 앞바다 해협,k4→k5,A,23,"Continue the same move at identical speed. No rotation, no zoom, no camera shake. Painterly brush texture and paper grain preserved."
108,이미지,9블-b1-k5.png,9,거북선 충파로 왜선이 산산조각 나는 충돌 장면,b1,한산도 앞바다 해협,k5/6,A,23,"the same scene from the same camera height, progressively closer (5 of 6), extreme wide establishing shot, flat overcast diffused light with almost no cast shadows, heavy atmospheric haze, 조선중기1550-1650, 용머리 장식, 철정(쇠못), 소나무 선체 판자, 참나무 나무못, [CAST], [LOCK] , [R-PAINT] , [STYLE] --ar 16:9 --sref [SEED] --sw 110 --no [FORBIDDEN]"
108,영상,9블-b1-v5.mp4,9,거북선 충파로 왜선이 산산조각 나는 충돌 장면,b1,한산도 앞바다 해협,k5→k6,A,23,"Continue the same move at identical speed. No rotation, no zoom, no camera shake. Painterly brush texture and paper grain preserved."
109,이미지,9블-b1-k6.png,9,거북선 충파로 왜선이 산산조각 나는 충돌 장면,b1,한산도 앞바다 해협,k6/6,A,23,"the same scene from the same camera height, closest framing of this beat, extreme wide establishing shot, flat overcast diffused light with almost no cast shadows, heavy atmospheric haze, 조선중기1550-1650, 용머리 장식, 철정(쇠못), 소나무 선체 판자, 참나무 나무못, [CAST], [LOCK] , [R-PAINT] , [STYLE] --ar 16:9 --sref [SEED] --sw 110 --no [FORBIDDEN]"
110,이미지,9블-b2-k1.png,9,거북선 충파로 왜선이 산산조각 나는 충돌 장면,b2,여수 수군 진영,k1/5,A,23,"Yeosu naval garrison camp with wooden command platform and banners, wide shot, flat overcast diffused light with almost no cast shadows, heavy atmospheric haze, 조선중기1550-1650, 용머리 장식, 철정(쇠못), 소나무 선체 판자, 참나무 나무못, [CAST], [LOCK] , [R-PAINT] , [STYLE] --ar 16:9 --sref [SEED] --sw 110 --no [FORBIDDEN]"
110,영상,9블-b2-v1.mp4,9,거북선 충파로 왜선이 산산조각 나는 충돌 장면,b2,여수 수군 진영,k1→k2,A,23,"Slow crane up at constant speed. No rotation, no zoom, no camera shake. Painterly brush texture and paper grain preserved."
111,이미지,9블-b2-k2.png,9,거북선 충파로 왜선이 산산조각 나는 충돌 장면,b2,여수 수군 진영,k2/5,A,23,"the same scene from the same camera height, progressively closer (2 of 5), wide shot, flat overcast diffused light with almost no cast shadows, heavy atmospheric haze, 조선중기1550-1650, 용머리 장식, 철정(쇠못), 소나무 선체 판자, 참나무 나무못, [CAST], [LOCK] , [R-PAINT] , [STYLE] --ar 16:9 --sref [SEED] --sw 110 --no [FORBIDDEN]"
111,영상,9블-b2-v2.mp4,9,거북선 충파로 왜선이 산산조각 나는 충돌 장면,b2,여수 수군 진영,k2→k3,A,23,"Continue the same move at identical speed. No rotation, no zoom, no camera shake. Painterly brush texture and paper grain preserved."
112,이미지,9블-b2-k3.png,9,거북선 충파로 왜선이 산산조각 나는 충돌 장면,b2,여수 수군 진영,k3/5,A,23,"the same scene from the same camera height, progressively closer (3 of 5), wide shot, flat overcast diffused light with almost no cast shadows, heavy atmospheric haze, 조선중기1550-1650, 용머리 장식, 철정(쇠못), 소나무 선체 판자, 참나무 나무못, [CAST], [LOCK] , [R-PAINT] , [STYLE] --ar 16:9 --sref [SEED] --sw 110 --no [FORBIDDEN]"
112,영상,9블-b2-v3.mp4,9,거북선 충파로 왜선이 산산조각 나는 충돌 장면,b2,여수 수군 진영,k3→k4,A,23,"Continue the same move at identical speed. No rotation, no zoom, no camera shake. Painterly brush texture and paper grain preserved."
113,이미지,9블-b2-k4.png,9,거북선 충파로 왜선이 산산조각 나는 충돌 장면,b2,여수 수군 진영,k4/5,A,23,"the same scene from the same camera height, progressively closer (4 of 5), wide shot, flat overcast diffused light with almost no cast shadows, heavy atmospheric haze, 조선중기1550-1650, 용머리 장식, 철정(쇠못), 소나무 선체 판자, 참나무 나무못, [CAST], [LOCK] , [R-PAINT] , [STYLE] --ar 16:9 --sref [SEED] --sw 110 --no [FORBIDDEN]"
113,영상,9블-b2-v4.mp4,9,거북선 충파로 왜선이 산산조각 나는 충돌 장면,b2,여수 수군 진영,k4→k5,A,23,"Continue the same move at identical speed. No rotation, no zoom, no camera shake. Painterly brush texture and paper grain preserved."
114,이미지,9블-b2-k5.png,9,거북선 충파로 왜선이 산산조각 나는 충돌 장면,b2,여수 수군 진영,k5/5,A,23,"the same scene from the same camera height, closest framing of this beat, wide shot, flat overcast diffused light with almost no cast shadows, heavy atmospheric haze, 조선중기1550-1650, 용머리 장식, 철정(쇠못), 소나무 선체 판자, 참나무 나무못, [CAST], [LOCK] , [R-PAINT] , [STYLE] --ar 16:9 --sref [SEED] --sw 110 --no [FORBIDDEN]"
115,이미지,9블-b3-k1.png,9,거북선 충파로 왜선이 산산조각 나는 충돌 장면,b3,거북선 갑판 내부,k1/5,A,23,"Interior deck of turtle ship, cramped wooden beams, oar benches, dim lantern light, medium shot, flat overcast diffused light with almost no cast shadows, heavy atmospheric haze, 조선중기1550-1650, 용머리 장식, 철정(쇠못), 소나무 선체 판자, 참나무 나무못, [CAST], [LOCK] , [R-PAINT] , [STYLE] --ar 16:9 --sref [SEED] --sw 110 --no [FORBIDDEN]"
115,영상,9블-b3-v1.mp4,9,거북선 충파로 왜선이 산산조각 나는 충돌 장면,b3,거북선 갑판 내부,k1→k2,A,23,"Slow lateral tracking move to the right. No rotation, no zoom, no camera shake. Painterly brush texture and paper grain preserved."
116,이미지,9블-b3-k2.png,9,거북선 충파로 왜선이 산산조각 나는 충돌 장면,b3,거북선 갑판 내부,k2/5,A,23,"the same scene from the same camera height, progressively closer (2 of 5), medium shot, flat overcast diffused light with almost no cast shadows, heavy atmospheric haze, 조선중기1550-1650, 용머리 장식, 철정(쇠못), 소나무 선체 판자, 참나무 나무못, [CAST], [LOCK] , [R-PAINT] , [STYLE] --ar 16:9 --sref [SEED] --sw 110 --no [FORBIDDEN]"
116,영상,9블-b3-v2.mp4,9,거북선 충파로 왜선이 산산조각 나는 충돌 장면,b3,거북선 갑판 내부,k2→k3,A,23,"Continue the same move at identical speed. No rotation, no zoom, no camera shake. Painterly brush texture and paper grain preserved."
117,이미지,9블-b3-k3.png,9,거북선 충파로 왜선이 산산조각 나는 충돌 장면,b3,거북선 갑판 내부,k3/5,A,23,"the same scene from the same camera height, progressively closer (3 of 5), medium shot, flat overcast diffused light with almost no cast shadows, heavy atmospheric haze, 조선중기1550-1650, 용머리 장식, 철정(쇠못), 소나무 선체 판자, 참나무 나무못, [CAST], [LOCK] , [R-PAINT] , [STYLE] --ar 16:9 --sref [SEED] --sw 110 --no [FORBIDDEN]"
117,영상,9블-b3-v3.mp4,9,거북선 충파로 왜선이 산산조각 나는 충돌 장면,b3,거북선 갑판 내부,k3→k4,A,23,"Continue the same move at identical speed. No rotation, no zoom, no camera shake. Painterly brush texture and paper grain preserved."
118,이미지,9블-b3-k4.png,9,거북선 충파로 왜선이 산산조각 나는 충돌 장면,b3,거북선 갑판 내부,k4/5,A,23,"the same scene from the same camera height, progressively closer (4 of 5), medium shot, flat overcast diffused light with almost no cast shadows, heavy atmospheric haze, 조선중기1550-1650, 용머리 장식, 철정(쇠못), 소나무 선체 판자, 참나무 나무못, [CAST], [LOCK] , [R-PAINT] , [STYLE] --ar 16:9 --sref [SEED] --sw 110 --no [FORBIDDEN]"
118,영상,9블-b3-v4.mp4,9,거북선 충파로 왜선이 산산조각 나는 충돌 장면,b3,거북선 갑판 내부,k4→k5,A,23,"Continue the same move at identical speed. No rotation, no zoom, no camera shake. Painterly brush texture and paper grain preserved."
119,이미지,9블-b3-k5.png,9,거북선 충파로 왜선이 산산조각 나는 충돌 장면,b3,거북선 갑판 내부,k5/5,A,23,"the same scene from the same camera height, closest framing of this beat, medium shot, flat overcast diffused light with almost no cast shadows, heavy atmospheric haze, 조선중기1550-1650, 용머리 장식, 철정(쇠못), 소나무 선체 판자, 참나무 나무못, [CAST], [LOCK] , [R-PAINT] , [STYLE] --ar 16:9 --sref [SEED] --sw 110 --no [FORBIDDEN]"
120,이미지,10블-b1-k1.png,10,망치와 모루 전술로 짜인 거북선-판옥선 함대 대형 도해,b1,한산도 앞바다 해협,k1/4,C,19,"Strait off Hansan Island, open sea battlefield with distant cliffs, dawn mist, extreme wide establishing shot, even neutral light on a plain seamless ground, subject isolated, no environment, 조선중기1550-1650, 용머리 장식, 철정(쇠못), 소나무 선체 판자, 참나무 나무못, [CAST], [LOCK] , [R-PAINT] , [STYLE] --ar 16:9 --sref [SEED] --sw 110 --no [FORBIDDEN]"
120,영상,10블-b1-v1.mp4,10,망치와 모루 전술로 짜인 거북선-판옥선 함대 대형 도해,b1,한산도 앞바다 해협,k1→k2,C,19,"Very slow forward dolly at constant camera height. No rotation, no zoom, no camera shake. Painterly brush texture and paper grain preserved."
121,이미지,10블-b1-k2.png,10,망치와 모루 전술로 짜인 거북선-판옥선 함대 대형 도해,b1,한산도 앞바다 해협,k2/4,C,19,"the same scene from the same camera height, progressively closer (2 of 4), extreme wide establishing shot, even neutral light on a plain seamless ground, subject isolated, no environment, 조선중기1550-1650, 용머리 장식, 철정(쇠못), 소나무 선체 판자, 참나무 나무못, [CAST], [LOCK] , [R-PAINT] , [STYLE] --ar 16:9 --sref [SEED] --sw 110 --no [FORBIDDEN]"
121,영상,10블-b1-v2.mp4,10,망치와 모루 전술로 짜인 거북선-판옥선 함대 대형 도해,b1,한산도 앞바다 해협,k2→k3,C,19,"Continue the same move at identical speed. No rotation, no zoom, no camera shake. Painterly brush texture and paper grain preserved."
122,이미지,10블-b1-k3.png,10,망치와 모루 전술로 짜인 거북선-판옥선 함대 대형 도해,b1,한산도 앞바다 해협,k3/4,C,19,"the same scene from the same camera height, progressively closer (3 of 4), extreme wide establishing shot, even neutral light on a plain seamless ground, subject isolated, no environment, 조선중기1550-1650, 용머리 장식, 철정(쇠못), 소나무 선체 판자, 참나무 나무못, [CAST], [LOCK] , [R-PAINT] , [STYLE] --ar 16:9 --sref [SEED] --sw 110 --no [FORBIDDEN]"
122,영상,10블-b1-v3.mp4,10,망치와 모루 전술로 짜인 거북선-판옥선 함대 대형 도해,b1,한산도 앞바다 해협,k3→k4,C,19,"Continue the same move at identical speed. No rotation, no zoom, no camera shake. Painterly brush texture and paper grain preserved."
123,이미지,10블-b1-k4.png,10,망치와 모루 전술로 짜인 거북선-판옥선 함대 대형 도해,b1,한산도 앞바다 해협,k4/4,C,19,"the same scene from the same camera height, closest framing of this beat, extreme wide establishing shot, even neutral light on a plain seamless ground, subject isolated, no environment, 조선중기1550-1650, 용머리 장식, 철정(쇠못), 소나무 선체 판자, 참나무 나무못, [CAST], [LOCK] , [R-PAINT] , [STYLE] --ar 16:9 --sref [SEED] --sw 110 --no [FORBIDDEN]"
124,이미지,10블-b2-k1.png,10,망치와 모루 전술로 짜인 거북선-판옥선 함대 대형 도해,b2,여수 수군 진영,k1/4,C,19,"Yeosu naval garrison camp with wooden command platform and banners, wide shot, even neutral light on a plain seamless ground, subject isolated, no environment, 조선중기1550-1650, 용머리 장식, 철정(쇠못), 소나무 선체 판자, 참나무 나무못, [CAST], [LOCK] , [R-PAINT] , [STYLE] --ar 16:9 --sref [SEED] --sw 110 --no [FORBIDDEN]"
124,영상,10블-b2-v1.mp4,10,망치와 모루 전술로 짜인 거북선-판옥선 함대 대형 도해,b2,여수 수군 진영,k1→k2,C,19,"Slow crane up at constant speed. No rotation, no zoom, no camera shake. Painterly brush texture and paper grain preserved."
125,이미지,10블-b2-k2.png,10,망치와 모루 전술로 짜인 거북선-판옥선 함대 대형 도해,b2,여수 수군 진영,k2/4,C,19,"the same scene from the same camera height, progressively closer (2 of 4), wide shot, even neutral light on a plain seamless ground, subject isolated, no environment, 조선중기1550-1650, 용머리 장식, 철정(쇠못), 소나무 선체 판자, 참나무 나무못, [CAST], [LOCK] , [R-PAINT] , [STYLE] --ar 16:9 --sref [SEED] --sw 110 --no [FORBIDDEN]"
125,영상,10블-b2-v2.mp4,10,망치와 모루 전술로 짜인 거북선-판옥선 함대 대형 도해,b2,여수 수군 진영,k2→k3,C,19,"Continue the same move at identical speed. No rotation, no zoom, no camera shake. Painterly brush texture and paper grain preserved."
126,이미지,10블-b2-k3.png,10,망치와 모루 전술로 짜인 거북선-판옥선 함대 대형 도해,b2,여수 수군 진영,k3/4,C,19,"the same scene from the same camera height, progressively closer (3 of 4), wide shot, even neutral light on a plain seamless ground, subject isolated, no environment, 조선중기1550-1650, 용머리 장식, 철정(쇠못), 소나무 선체 판자, 참나무 나무못, [CAST], [LOCK] , [R-PAINT] , [STYLE] --ar 16:9 --sref [SEED] --sw 110 --no [FORBIDDEN]"
126,영상,10블-b2-v3.mp4,10,망치와 모루 전술로 짜인 거북선-판옥선 함대 대형 도해,b2,여수 수군 진영,k3→k4,C,19,"Continue the same move at identical speed. No rotation, no zoom, no camera shake. Painterly brush texture and paper grain preserved."
127,이미지,10블-b2-k4.png,10,망치와 모루 전술로 짜인 거북선-판옥선 함대 대형 도해,b2,여수 수군 진영,k4/4,C,19,"the same scene from the same camera height, closest framing of this beat, wide shot, even neutral light on a plain seamless ground, subject isolated, no environment, 조선중기1550-1650, 용머리 장식, 철정(쇠못), 소나무 선체 판자, 참나무 나무못, [CAST], [LOCK] , [R-PAINT] , [STYLE] --ar 16:9 --sref [SEED] --sw 110 --no [FORBIDDEN]"
128,이미지,10블-b3-k1.png,10,망치와 모루 전술로 짜인 거북선-판옥선 함대 대형 도해,b3,거북선 갑판 내부,k1/3,C,19,"Interior deck of turtle ship, cramped wooden beams, oar benches, dim lantern light, medium shot, even neutral light on a plain seamless ground, subject isolated, no environment, 조선중기1550-1650, 용머리 장식, 철정(쇠못), 소나무 선체 판자, 참나무 나무못, [CAST], [LOCK] , [R-PAINT] , [STYLE] --ar 16:9 --sref [SEED] --sw 110 --no [FORBIDDEN]"
128,영상,10블-b3-v1.mp4,10,망치와 모루 전술로 짜인 거북선-판옥선 함대 대형 도해,b3,거북선 갑판 내부,k1→k2,C,19,"Slow lateral tracking move to the right. No rotation, no zoom, no camera shake. Painterly brush texture and paper grain preserved."
129,이미지,10블-b3-k2.png,10,망치와 모루 전술로 짜인 거북선-판옥선 함대 대형 도해,b3,거북선 갑판 내부,k2/3,C,19,"the same scene from the same camera height, progressively closer (2 of 3), medium shot, even neutral light on a plain seamless ground, subject isolated, no environment, 조선중기1550-1650, 용머리 장식, 철정(쇠못), 소나무 선체 판자, 참나무 나무못, [CAST], [LOCK] , [R-PAINT] , [STYLE] --ar 16:9 --sref [SEED] --sw 110 --no [FORBIDDEN]"
129,영상,10블-b3-v2.mp4,10,망치와 모루 전술로 짜인 거북선-판옥선 함대 대형 도해,b3,거북선 갑판 내부,k2→k3,C,19,"Continue the same move at identical speed. No rotation, no zoom, no camera shake. Painterly brush texture and paper grain preserved."
130,이미지,10블-b3-k3.png,10,망치와 모루 전술로 짜인 거북선-판옥선 함대 대형 도해,b3,거북선 갑판 내부,k3/3,C,19,"the same scene from the same camera height, closest framing of this beat, medium shot, even neutral light on a plain seamless ground, subject isolated, no environment, 조선중기1550-1650, 용머리 장식, 철정(쇠못), 소나무 선체 판자, 참나무 나무못, [CAST], [LOCK] , [R-PAINT] , [STYLE] --ar 16:9 --sref [SEED] --sw 110 --no [FORBIDDEN]"
131,이미지,10블-b4-k1.png,10,망치와 모루 전술로 짜인 거북선-판옥선 함대 대형 도해,b4,조선 조선소 작업장,k1/3,C,19,"Joseon shipyard workshop with pine timber stacks and carpenter tools, tight close-up, even neutral light on a plain seamless ground, subject isolated, no environment, 조선중기1550-1650, 용머리 장식, 철정(쇠못), 소나무 선체 판자, 참나무 나무못, [CAST], [LOCK] , [R-PAINT] , [STYLE] --ar 16:9 --sref [SEED] --sw 110 --no [FORBIDDEN]"
131,영상,10블-b4-v1.mp4,10,망치와 모루 전술로 짜인 거북선-판옥선 함대 대형 도해,b4,조선 조선소 작업장,k1→k2,C,19,"Locked-off camera with no movement at all, only the subject moves. No rotation, no zoom, no camera shake. Painterly brush texture and paper grain preserved."
132,이미지,10블-b4-k2.png,10,망치와 모루 전술로 짜인 거북선-판옥선 함대 대형 도해,b4,조선 조선소 작업장,k2/3,C,19,"the same scene from the same camera height, progressively closer (2 of 3), tight close-up, even neutral light on a plain seamless ground, subject isolated, no environment, 조선중기1550-1650, 용머리 장식, 철정(쇠못), 소나무 선체 판자, 참나무 나무못, [CAST], [LOCK] , [R-PAINT] , [STYLE] --ar 16:9 --sref [SEED] --sw 110 --no [FORBIDDEN]"
132,영상,10블-b4-v2.mp4,10,망치와 모루 전술로 짜인 거북선-판옥선 함대 대형 도해,b4,조선 조선소 작업장,k2→k3,C,19,"Continue the same move at identical speed. No rotation, no zoom, no camera shake. Painterly brush texture and paper grain preserved."
133,이미지,10블-b4-k3.png,10,망치와 모루 전술로 짜인 거북선-판옥선 함대 대형 도해,b4,조선 조선소 작업장,k3/3,C,19,"the same scene from the same camera height, closest framing of this beat, tight close-up, even neutral light on a plain seamless ground, subject isolated, no environment, 조선중기1550-1650, 용머리 장식, 철정(쇠못), 소나무 선체 판자, 참나무 나무못, [CAST], [LOCK] , [R-PAINT] , [STYLE] --ar 16:9 --sref [SEED] --sw 110 --no [FORBIDDEN]"
134,이미지,11블-b1-k1.png,11,조류·암초 데이터를 계산하는 이순신의 전장 지도 분석,b1,한산도 앞바다 해협,k1/3,C,23,"Strait off Hansan Island, open sea battlefield with distant cliffs, dawn mist, extreme wide establishing shot, even neutral light on a plain seamless ground, subject isolated, no environment, 조선중기1550-1650, 용머리 장식, 철정(쇠못), 소나무 선체 판자, 참나무 나무못, [CAST], [LOCK] , [R-PAINT] , [STYLE] --ar 16:9 --sref [SEED] --sw 110 --no [FORBIDDEN]"
134,영상,11블-b1-v1.mp4,11,조류·암초 데이터를 계산하는 이순신의 전장 지도 분석,b1,한산도 앞바다 해협,k1→k2,C,23,"Very slow forward dolly at constant camera height. No rotation, no zoom, no camera shake. Painterly brush texture and paper grain preserved."
135,이미지,11블-b1-k2.png,11,조류·암초 데이터를 계산하는 이순신의 전장 지도 분석,b1,한산도 앞바다 해협,k2/3,C,23,"the same scene from the same camera height, progressively closer (2 of 3), extreme wide establishing shot, even neutral light on a plain seamless ground, subject isolated, no environment, 조선중기1550-1650, 용머리 장식, 철정(쇠못), 소나무 선체 판자, 참나무 나무못, [CAST], [LOCK] , [R-PAINT] , [STYLE] --ar 16:9 --sref [SEED] --sw 110 --no [FORBIDDEN]"
135,영상,11블-b1-v2.mp4,11,조류·암초 데이터를 계산하는 이순신의 전장 지도 분석,b1,한산도 앞바다 해협,k2→k3,C,23,"Continue the same move at identical speed. No rotation, no zoom, no camera shake. Painterly brush texture and paper grain preserved."
136,이미지,11블-b1-k3.png,11,조류·암초 데이터를 계산하는 이순신의 전장 지도 분석,b1,한산도 앞바다 해협,k3/3,C,23,"the same scene from the same camera height, closest framing of this beat, extreme wide establishing shot, even neutral light on a plain seamless ground, subject isolated, no environment, 조선중기1550-1650, 용머리 장식, 철정(쇠못), 소나무 선체 판자, 참나무 나무못, [CAST], [LOCK] , [R-PAINT] , [STYLE] --ar 16:9 --sref [SEED] --sw 110 --no [FORBIDDEN]"
137,이미지,11블-b2-k1.png,11,조류·암초 데이터를 계산하는 이순신의 전장 지도 분석,b2,여수 수군 진영,k1/3,C,23,"Yeosu naval garrison camp with wooden command platform and banners, wide shot, even neutral light on a plain seamless ground, subject isolated, no environment, 조선중기1550-1650, 용머리 장식, 철정(쇠못), 소나무 선체 판자, 참나무 나무못, [CAST], [LOCK] , [R-PAINT] , [STYLE] --ar 16:9 --sref [SEED] --sw 110 --no [FORBIDDEN]"
137,영상,11블-b2-v1.mp4,11,조류·암초 데이터를 계산하는 이순신의 전장 지도 분석,b2,여수 수군 진영,k1→k2,C,23,"Slow crane up at constant speed. No rotation, no zoom, no camera shake. Painterly brush texture and paper grain preserved."
138,이미지,11블-b2-k2.png,11,조류·암초 데이터를 계산하는 이순신의 전장 지도 분석,b2,여수 수군 진영,k2/3,C,23,"the same scene from the same camera height, progressively closer (2 of 3), wide shot, even neutral light on a plain seamless ground, subject isolated, no environment, 조선중기1550-1650, 용머리 장식, 철정(쇠못), 소나무 선체 판자, 참나무 나무못, [CAST], [LOCK] , [R-PAINT] , [STYLE] --ar 16:9 --sref [SEED] --sw 110 --no [FORBIDDEN]"
138,영상,11블-b2-v2.mp4,11,조류·암초 데이터를 계산하는 이순신의 전장 지도 분석,b2,여수 수군 진영,k2→k3,C,23,"Continue the same move at identical speed. No rotation, no zoom, no camera shake. Painterly brush texture and paper grain preserved."
139,이미지,11블-b2-k3.png,11,조류·암초 데이터를 계산하는 이순신의 전장 지도 분석,b2,여수 수군 진영,k3/3,C,23,"the same scene from the same camera height, closest framing of this beat, wide shot, even neutral light on a plain seamless ground, subject isolated, no environment, 조선중기1550-1650, 용머리 장식, 철정(쇠못), 소나무 선체 판자, 참나무 나무못, [CAST], [LOCK] , [R-PAINT] , [STYLE] --ar 16:9 --sref [SEED] --sw 110 --no [FORBIDDEN]"
140,이미지,11블-b3-k1.png,11,조류·암초 데이터를 계산하는 이순신의 전장 지도 분석,b3,거북선 갑판 내부,k1/3,C,23,"Interior deck of turtle ship, cramped wooden beams, oar benches, dim lantern light, medium shot, even neutral light on a plain seamless ground, subject isolated, no environment, 조선중기1550-1650, 용머리 장식, 철정(쇠못), 소나무 선체 판자, 참나무 나무못, [CAST], [LOCK] , [R-PAINT] , [STYLE] --ar 16:9 --sref [SEED] --sw 110 --no [FORBIDDEN]"
140,영상,11블-b3-v1.mp4,11,조류·암초 데이터를 계산하는 이순신의 전장 지도 분석,b3,거북선 갑판 내부,k1→k2,C,23,"Slow lateral tracking move to the right. No rotation, no zoom, no camera shake. Painterly brush texture and paper grain preserved."
141,이미지,11블-b3-k2.png,11,조류·암초 데이터를 계산하는 이순신의 전장 지도 분석,b3,거북선 갑판 내부,k2/3,C,23,"the same scene from the same camera height, progressively closer (2 of 3), medium shot, even neutral light on a plain seamless ground, subject isolated, no environment, 조선중기1550-1650, 용머리 장식, 철정(쇠못), 소나무 선체 판자, 참나무 나무못, [CAST], [LOCK] , [R-PAINT] , [STYLE] --ar 16:9 --sref [SEED] --sw 110 --no [FORBIDDEN]"
141,영상,11블-b3-v2.mp4,11,조류·암초 데이터를 계산하는 이순신의 전장 지도 분석,b3,거북선 갑판 내부,k2→k3,C,23,"Continue the same move at identical speed. No rotation, no zoom, no camera shake. Painterly brush texture and paper grain preserved."
142,이미지,11블-b3-k3.png,11,조류·암초 데이터를 계산하는 이순신의 전장 지도 분석,b3,거북선 갑판 내부,k3/3,C,23,"the same scene from the same camera height, closest framing of this beat, medium shot, even neutral light on a plain seamless ground, subject isolated, no environment, 조선중기1550-1650, 용머리 장식, 철정(쇠못), 소나무 선체 판자, 참나무 나무못, [CAST], [LOCK] , [R-PAINT] , [STYLE] --ar 16:9 --sref [SEED] --sw 110 --no [FORBIDDEN]"
143,이미지,12블-b1-k1.png,12,신호연과 북소리로 함대를 지휘하는 통신망 재현,b1,한산도 앞바다 해협,k1/4,C,19,"Strait off Hansan Island, open sea battlefield with distant cliffs, dawn mist, extreme wide establishing shot, even neutral light on a plain seamless ground, subject isolated, no environment, 조선중기1550-1650, 용머리 장식, 철정(쇠못), 소나무 선체 판자, 참나무 나무못, [CAST], [LOCK] , [R-PAINT] , [STYLE] --ar 16:9 --sref [SEED] --sw 110 --no [FORBIDDEN]"
143,영상,12블-b1-v1.mp4,12,신호연과 북소리로 함대를 지휘하는 통신망 재현,b1,한산도 앞바다 해협,k1→k2,C,19,"Very slow forward dolly at constant camera height. No rotation, no zoom, no camera shake. Painterly brush texture and paper grain preserved."
144,이미지,12블-b1-k2.png,12,신호연과 북소리로 함대를 지휘하는 통신망 재현,b1,한산도 앞바다 해협,k2/4,C,19,"the same scene from the same camera height, progressively closer (2 of 4), extreme wide establishing shot, even neutral light on a plain seamless ground, subject isolated, no environment, 조선중기1550-1650, 용머리 장식, 철정(쇠못), 소나무 선체 판자, 참나무 나무못, [CAST], [LOCK] , [R-PAINT] , [STYLE] --ar 16:9 --sref [SEED] --sw 110 --no [FORBIDDEN]"
144,영상,12블-b1-v2.mp4,12,신호연과 북소리로 함대를 지휘하는 통신망 재현,b1,한산도 앞바다 해협,k2→k3,C,19,"Continue the same move at identical speed. No rotation, no zoom, no camera shake. Painterly brush texture and paper grain preserved."
145,이미지,12블-b1-k3.png,12,신호연과 북소리로 함대를 지휘하는 통신망 재현,b1,한산도 앞바다 해협,k3/4,C,19,"the same scene from the same camera height, progressively closer (3 of 4), extreme wide establishing shot, even neutral light on a plain seamless ground, subject isolated, no environment, 조선중기1550-1650, 용머리 장식, 철정(쇠못), 소나무 선체 판자, 참나무 나무못, [CAST], [LOCK] , [R-PAINT] , [STYLE] --ar 16:9 --sref [SEED] --sw 110 --no [FORBIDDEN]"
145,영상,12블-b1-v3.mp4,12,신호연과 북소리로 함대를 지휘하는 통신망 재현,b1,한산도 앞바다 해협,k3→k4,C,19,"Continue the same move at identical speed. No rotation, no zoom, no camera shake. Painterly brush texture and paper grain preserved."
146,이미지,12블-b1-k4.png,12,신호연과 북소리로 함대를 지휘하는 통신망 재현,b1,한산도 앞바다 해협,k4/4,C,19,"the same scene from the same camera height, closest framing of this beat, extreme wide establishing shot, even neutral light on a plain seamless ground, subject isolated, no environment, 조선중기1550-1650, 용머리 장식, 철정(쇠못), 소나무 선체 판자, 참나무 나무못, [CAST], [LOCK] , [R-PAINT] , [STYLE] --ar 16:9 --sref [SEED] --sw 110 --no [FORBIDDEN]"
147,이미지,12블-b2-k1.png,12,신호연과 북소리로 함대를 지휘하는 통신망 재현,b2,여수 수군 진영,k1/4,C,19,"Yeosu naval garrison camp with wooden command platform and banners, wide shot, even neutral light on a plain seamless ground, subject isolated, no environment, 조선중기1550-1650, 용머리 장식, 철정(쇠못), 소나무 선체 판자, 참나무 나무못, [CAST], [LOCK] , [R-PAINT] , [STYLE] --ar 16:9 --sref [SEED] --sw 110 --no [FORBIDDEN]"
147,영상,12블-b2-v1.mp4,12,신호연과 북소리로 함대를 지휘하는 통신망 재현,b2,여수 수군 진영,k1→k2,C,19,"Slow crane up at constant speed. No rotation, no zoom, no camera shake. Painterly brush texture and paper grain preserved."
148,이미지,12블-b2-k2.png,12,신호연과 북소리로 함대를 지휘하는 통신망 재현,b2,여수 수군 진영,k2/4,C,19,"the same scene from the same camera height, progressively closer (2 of 4), wide shot, even neutral light on a plain seamless ground, subject isolated, no environment, 조선중기1550-1650, 용머리 장식, 철정(쇠못), 소나무 선체 판자, 참나무 나무못, [CAST], [LOCK] , [R-PAINT] , [STYLE] --ar 16:9 --sref [SEED] --sw 110 --no [FORBIDDEN]"
148,영상,12블-b2-v2.mp4,12,신호연과 북소리로 함대를 지휘하는 통신망 재현,b2,여수 수군 진영,k2→k3,C,19,"Continue the same move at identical speed. No rotation, no zoom, no camera shake. Painterly brush texture and paper grain preserved."
149,이미지,12블-b2-k3.png,12,신호연과 북소리로 함대를 지휘하는 통신망 재현,b2,여수 수군 진영,k3/4,C,19,"the same scene from the same camera height, progressively closer (3 of 4), wide shot, even neutral light on a plain seamless ground, subject isolated, no environment, 조선중기1550-1650, 용머리 장식, 철정(쇠못), 소나무 선체 판자, 참나무 나무못, [CAST], [LOCK] , [R-PAINT] , [STYLE] --ar 16:9 --sref [SEED] --sw 110 --no [FORBIDDEN]"
149,영상,12블-b2-v3.mp4,12,신호연과 북소리로 함대를 지휘하는 통신망 재현,b2,여수 수군 진영,k3→k4,C,19,"Continue the same move at identical speed. No rotation, no zoom, no camera shake. Painterly brush texture and paper grain preserved."
150,이미지,12블-b2-k4.png,12,신호연과 북소리로 함대를 지휘하는 통신망 재현,b2,여수 수군 진영,k4/4,C,19,"the same scene from the same camera height, closest framing of this beat, wide shot, even neutral light on a plain seamless ground, subject isolated, no environment, 조선중기1550-1650, 용머리 장식, 철정(쇠못), 소나무 선체 판자, 참나무 나무못, [CAST], [LOCK] , [R-PAINT] , [STYLE] --ar 16:9 --sref [SEED] --sw 110 --no [FORBIDDEN]"
151,이미지,12블-b3-k1.png,12,신호연과 북소리로 함대를 지휘하는 통신망 재현,b3,거북선 갑판 내부,k1/3,C,19,"Interior deck of turtle ship, cramped wooden beams, oar benches, dim lantern light, medium shot, even neutral light on a plain seamless ground, subject isolated, no environment, 조선중기1550-1650, 용머리 장식, 철정(쇠못), 소나무 선체 판자, 참나무 나무못, [CAST], [LOCK] , [R-PAINT] , [STYLE] --ar 16:9 --sref [SEED] --sw 110 --no [FORBIDDEN]"
151,영상,12블-b3-v1.mp4,12,신호연과 북소리로 함대를 지휘하는 통신망 재현,b3,거북선 갑판 내부,k1→k2,C,19,"Slow lateral tracking move to the right. No rotation, no zoom, no camera shake. Painterly brush texture and paper grain preserved."
152,이미지,12블-b3-k2.png,12,신호연과 북소리로 함대를 지휘하는 통신망 재현,b3,거북선 갑판 내부,k2/3,C,19,"the same scene from the same camera height, progressively closer (2 of 3), medium shot, even neutral light on a plain seamless ground, subject isolated, no environment, 조선중기1550-1650, 용머리 장식, 철정(쇠못), 소나무 선체 판자, 참나무 나무못, [CAST], [LOCK] , [R-PAINT] , [STYLE] --ar 16:9 --sref [SEED] --sw 110 --no [FORBIDDEN]"
152,영상,12블-b3-v2.mp4,12,신호연과 북소리로 함대를 지휘하는 통신망 재현,b3,거북선 갑판 내부,k2→k3,C,19,"Continue the same move at identical speed. No rotation, no zoom, no camera shake. Painterly brush texture and paper grain preserved."
153,이미지,12블-b3-k3.png,12,신호연과 북소리로 함대를 지휘하는 통신망 재현,b3,거북선 갑판 내부,k3/3,C,19,"the same scene from the same camera height, closest framing of this beat, medium shot, even neutral light on a plain seamless ground, subject isolated, no environment, 조선중기1550-1650, 용머리 장식, 철정(쇠못), 소나무 선체 판자, 참나무 나무못, [CAST], [LOCK] , [R-PAINT] , [STYLE] --ar 16:9 --sref [SEED] --sw 110 --no [FORBIDDEN]"
154,이미지,12블-b4-k1.png,12,신호연과 북소리로 함대를 지휘하는 통신망 재현,b4,조선 조선소 작업장,k1/3,C,19,"Joseon shipyard workshop with pine timber stacks and carpenter tools, tight close-up, even neutral light on a plain seamless ground, subject isolated, no environment, 조선중기1550-1650, 용머리 장식, 철정(쇠못), 소나무 선체 판자, 참나무 나무못, [CAST], [LOCK] , [R-PAINT] , [STYLE] --ar 16:9 --sref [SEED] --sw 110 --no [FORBIDDEN]"
154,영상,12블-b4-v1.mp4,12,신호연과 북소리로 함대를 지휘하는 통신망 재현,b4,조선 조선소 작업장,k1→k2,C,19,"Locked-off camera with no movement at all, only the subject moves. No rotation, no zoom, no camera shake. Painterly brush texture and paper grain preserved."
155,이미지,12블-b4-k2.png,12,신호연과 북소리로 함대를 지휘하는 통신망 재현,b4,조선 조선소 작업장,k2/3,C,19,"the same scene from the same camera height, progressively closer (2 of 3), tight close-up, even neutral light on a plain seamless ground, subject isolated, no environment, 조선중기1550-1650, 용머리 장식, 철정(쇠못), 소나무 선체 판자, 참나무 나무못, [CAST], [LOCK] , [R-PAINT] , [STYLE] --ar 16:9 --sref [SEED] --sw 110 --no [FORBIDDEN]"
155,영상,12블-b4-v2.mp4,12,신호연과 북소리로 함대를 지휘하는 통신망 재현,b4,조선 조선소 작업장,k2→k3,C,19,"Continue the same move at identical speed. No rotation, no zoom, no camera shake. Painterly brush texture and paper grain preserved."
156,이미지,12블-b4-k3.png,12,신호연과 북소리로 함대를 지휘하는 통신망 재현,b4,조선 조선소 작업장,k3/3,C,19,"the same scene from the same camera height, closest framing of this beat, tight close-up, even neutral light on a plain seamless ground, subject isolated, no environment, 조선중기1550-1650, 용머리 장식, 철정(쇠못), 소나무 선체 판자, 참나무 나무못, [CAST], [LOCK] , [R-PAINT] , [STYLE] --ar 16:9 --sref [SEED] --sw 110 --no [FORBIDDEN]"
157,이미지,13블-b1-k1.png,13,과장을 걷어낸 진짜 거북선 스펙 요약 그래픽,b1,한산도 앞바다 해협,k1/4,B,21,"Strait off Hansan Island, open sea battlefield with distant cliffs, dawn mist, extreme wide establishing shot, low winter sun raking from the side, long cast shadows, warm ochre rim light against cool grey, 조선중기1550-1650, 용머리 장식, 철정(쇠못), 소나무 선체 판자, 참나무 나무못, [CAST], [LOCK] , [R-PAINT] , [STYLE] --ar 16:9 --sref [SEED] --sw 110 --no [FORBIDDEN]"
157,영상,13블-b1-v1.mp4,13,과장을 걷어낸 진짜 거북선 스펙 요약 그래픽,b1,한산도 앞바다 해협,k1→k2,B,21,"Very slow forward dolly at constant camera height. No rotation, no zoom, no camera shake. Painterly brush texture and paper grain preserved."
158,이미지,13블-b1-k2.png,13,과장을 걷어낸 진짜 거북선 스펙 요약 그래픽,b1,한산도 앞바다 해협,k2/4,B,21,"the same scene from the same camera height, progressively closer (2 of 4), extreme wide establishing shot, low winter sun raking from the side, long cast shadows, warm ochre rim light against cool grey, 조선중기1550-1650, 용머리 장식, 철정(쇠못), 소나무 선체 판자, 참나무 나무못, [CAST], [LOCK] , [R-PAINT] , [STYLE] --ar 16:9 --sref [SEED] --sw 110 --no [FORBIDDEN]"
158,영상,13블-b1-v2.mp4,13,과장을 걷어낸 진짜 거북선 스펙 요약 그래픽,b1,한산도 앞바다 해협,k2→k3,B,21,"Continue the same move at identical speed. No rotation, no zoom, no camera shake. Painterly brush texture and paper grain preserved."
159,이미지,13블-b1-k3.png,13,과장을 걷어낸 진짜 거북선 스펙 요약 그래픽,b1,한산도 앞바다 해협,k3/4,B,21,"the same scene from the same camera height, progressively closer (3 of 4), extreme wide establishing shot, low winter sun raking from the side, long cast shadows, warm ochre rim light against cool grey, 조선중기1550-1650, 용머리 장식, 철정(쇠못), 소나무 선체 판자, 참나무 나무못, [CAST], [LOCK] , [R-PAINT] , [STYLE] --ar 16:9 --sref [SEED] --sw 110 --no [FORBIDDEN]"
159,영상,13블-b1-v3.mp4,13,과장을 걷어낸 진짜 거북선 스펙 요약 그래픽,b1,한산도 앞바다 해협,k3→k4,B,21,"Continue the same move at identical speed. No rotation, no zoom, no camera shake. Painterly brush texture and paper grain preserved."
160,이미지,13블-b1-k4.png,13,과장을 걷어낸 진짜 거북선 스펙 요약 그래픽,b1,한산도 앞바다 해협,k4/4,B,21,"the same scene from the same camera height, closest framing of this beat, extreme wide establishing shot, low winter sun raking from the side, long cast shadows, warm ochre rim light against cool grey, 조선중기1550-1650, 용머리 장식, 철정(쇠못), 소나무 선체 판자, 참나무 나무못, [CAST], [LOCK] , [R-PAINT] , [STYLE] --ar 16:9 --sref [SEED] --sw 110 --no [FORBIDDEN]"
161,이미지,13블-b2-k1.png,13,과장을 걷어낸 진짜 거북선 스펙 요약 그래픽,b2,여수 수군 진영,k1/4,B,21,"Yeosu naval garrison camp with wooden command platform and banners, wide shot, low winter sun raking from the side, long cast shadows, warm ochre rim light against cool grey, 조선중기1550-1650, 용머리 장식, 철정(쇠못), 소나무 선체 판자, 참나무 나무못, [CAST], [LOCK] , [R-PAINT] , [STYLE] --ar 16:9 --sref [SEED] --sw 110 --no [FORBIDDEN]"
161,영상,13블-b2-v1.mp4,13,과장을 걷어낸 진짜 거북선 스펙 요약 그래픽,b2,여수 수군 진영,k1→k2,B,21,"Slow crane up at constant speed. No rotation, no zoom, no camera shake. Painterly brush texture and paper grain preserved."
162,이미지,13블-b2-k2.png,13,과장을 걷어낸 진짜 거북선 스펙 요약 그래픽,b2,여수 수군 진영,k2/4,B,21,"the same scene from the same camera height, progressively closer (2 of 4), wide shot, low winter sun raking from the side, long cast shadows, warm ochre rim light against cool grey, 조선중기1550-1650, 용머리 장식, 철정(쇠못), 소나무 선체 판자, 참나무 나무못, [CAST], [LOCK] , [R-PAINT] , [STYLE] --ar 16:9 --sref [SEED] --sw 110 --no [FORBIDDEN]"
162,영상,13블-b2-v2.mp4,13,과장을 걷어낸 진짜 거북선 스펙 요약 그래픽,b2,여수 수군 진영,k2→k3,B,21,"Continue the same move at identical speed. No rotation, no zoom, no camera shake. Painterly brush texture and paper grain preserved."
163,이미지,13블-b2-k3.png,13,과장을 걷어낸 진짜 거북선 스펙 요약 그래픽,b2,여수 수군 진영,k3/4,B,21,"the same scene from the same camera height, progressively closer (3 of 4), wide shot, low winter sun raking from the side, long cast shadows, warm ochre rim light against cool grey, 조선중기1550-1650, 용머리 장식, 철정(쇠못), 소나무 선체 판자, 참나무 나무못, [CAST], [LOCK] , [R-PAINT] , [STYLE] --ar 16:9 --sref [SEED] --sw 110 --no [FORBIDDEN]"
163,영상,13블-b2-v3.mp4,13,과장을 걷어낸 진짜 거북선 스펙 요약 그래픽,b2,여수 수군 진영,k3→k4,B,21,"Continue the same move at identical speed. No rotation, no zoom, no camera shake. Painterly brush texture and paper grain preserved."
164,이미지,13블-b2-k4.png,13,과장을 걷어낸 진짜 거북선 스펙 요약 그래픽,b2,여수 수군 진영,k4/4,B,21,"the same scene from the same camera height, closest framing of this beat, wide shot, low winter sun raking from the side, long cast shadows, warm ochre rim light against cool grey, 조선중기1550-1650, 용머리 장식, 철정(쇠못), 소나무 선체 판자, 참나무 나무못, [CAST], [LOCK] , [R-PAINT] , [STYLE] --ar 16:9 --sref [SEED] --sw 110 --no [FORBIDDEN]"
165,이미지,13블-b3-k1.png,13,과장을 걷어낸 진짜 거북선 스펙 요약 그래픽,b3,거북선 갑판 내부,k1/4,B,21,"Interior deck of turtle ship, cramped wooden beams, oar benches, dim lantern light, medium shot, low winter sun raking from the side, long cast shadows, warm ochre rim light against cool grey, 조선중기1550-1650, 용머리 장식, 철정(쇠못), 소나무 선체 판자, 참나무 나무못, [CAST], [LOCK] , [R-PAINT] , [STYLE] --ar 16:9 --sref [SEED] --sw 110 --no [FORBIDDEN]"
165,영상,13블-b3-v1.mp4,13,과장을 걷어낸 진짜 거북선 스펙 요약 그래픽,b3,거북선 갑판 내부,k1→k2,B,21,"Slow lateral tracking move to the right. No rotation, no zoom, no camera shake. Painterly brush texture and paper grain preserved."
166,이미지,13블-b3-k2.png,13,과장을 걷어낸 진짜 거북선 스펙 요약 그래픽,b3,거북선 갑판 내부,k2/4,B,21,"the same scene from the same camera height, progressively closer (2 of 4), medium shot, low winter sun raking from the side, long cast shadows, warm ochre rim light against cool grey, 조선중기1550-1650, 용머리 장식, 철정(쇠못), 소나무 선체 판자, 참나무 나무못, [CAST], [LOCK] , [R-PAINT] , [STYLE] --ar 16:9 --sref [SEED] --sw 110 --no [FORBIDDEN]"
166,영상,13블-b3-v2.mp4,13,과장을 걷어낸 진짜 거북선 스펙 요약 그래픽,b3,거북선 갑판 내부,k2→k3,B,21,"Continue the same move at identical speed. No rotation, no zoom, no camera shake. Painterly brush texture and paper grain preserved."
167,이미지,13블-b3-k3.png,13,과장을 걷어낸 진짜 거북선 스펙 요약 그래픽,b3,거북선 갑판 내부,k3/4,B,21,"the same scene from the same camera height, progressively closer (3 of 4), medium shot, low winter sun raking from the side, long cast shadows, warm ochre rim light against cool grey, 조선중기1550-1650, 용머리 장식, 철정(쇠못), 소나무 선체 판자, 참나무 나무못, [CAST], [LOCK] , [R-PAINT] , [STYLE] --ar 16:9 --sref [SEED] --sw 110 --no [FORBIDDEN]"
167,영상,13블-b3-v3.mp4,13,과장을 걷어낸 진짜 거북선 스펙 요약 그래픽,b3,거북선 갑판 내부,k3→k4,B,21,"Continue the same move at identical speed. No rotation, no zoom, no camera shake. Painterly brush texture and paper grain preserved."
168,이미지,13블-b3-k4.png,13,과장을 걷어낸 진짜 거북선 스펙 요약 그래픽,b3,거북선 갑판 내부,k4/4,B,21,"the same scene from the same camera height, closest framing of this beat, medium shot, low winter sun raking from the side, long cast shadows, warm ochre rim light against cool grey, 조선중기1550-1650, 용머리 장식, 철정(쇠못), 소나무 선체 판자, 참나무 나무못, [CAST], [LOCK] , [R-PAINT] , [STYLE] --ar 16:9 --sref [SEED] --sw 110 --no [FORBIDDEN]"
169,이미지,13블-b4-k1.png,13,과장을 걷어낸 진짜 거북선 스펙 요약 그래픽,b4,조선 조선소 작업장,k1/3,B,21,"Joseon shipyard workshop with pine timber stacks and carpenter tools, tight close-up, low winter sun raking from the side, long cast shadows, warm ochre rim light against cool grey, 조선중기1550-1650, 용머리 장식, 철정(쇠못), 소나무 선체 판자, 참나무 나무못, [CAST], [LOCK] , [R-PAINT] , [STYLE] --ar 16:9 --sref [SEED] --sw 110 --no [FORBIDDEN]"
169,영상,13블-b4-v1.mp4,13,과장을 걷어낸 진짜 거북선 스펙 요약 그래픽,b4,조선 조선소 작업장,k1→k2,B,21,"Locked-off camera with no movement at all, only the subject moves. No rotation, no zoom, no camera shake. Painterly brush texture and paper grain preserved."
170,이미지,13블-b4-k2.png,13,과장을 걷어낸 진짜 거북선 스펙 요약 그래픽,b4,조선 조선소 작업장,k2/3,B,21,"the same scene from the same camera height, progressively closer (2 of 3), tight close-up, low winter sun raking from the side, long cast shadows, warm ochre rim light against cool grey, 조선중기1550-1650, 용머리 장식, 철정(쇠못), 소나무 선체 판자, 참나무 나무못, [CAST], [LOCK] , [R-PAINT] , [STYLE] --ar 16:9 --sref [SEED] --sw 110 --no [FORBIDDEN]"
170,영상,13블-b4-v2.mp4,13,과장을 걷어낸 진짜 거북선 스펙 요약 그래픽,b4,조선 조선소 작업장,k2→k3,B,21,"Continue the same move at identical speed. No rotation, no zoom, no camera shake. Painterly brush texture and paper grain preserved."
171,이미지,13블-b4-k3.png,13,과장을 걷어낸 진짜 거북선 스펙 요약 그래픽,b4,조선 조선소 작업장,k3/3,B,21,"the same scene from the same camera height, closest framing of this beat, tight close-up, low winter sun raking from the side, long cast shadows, warm ochre rim light against cool grey, 조선중기1550-1650, 용머리 장식, 철정(쇠못), 소나무 선체 판자, 참나무 나무못, [CAST], [LOCK] , [R-PAINT] , [STYLE] --ar 16:9 --sref [SEED] --sw 110 --no [FORBIDDEN]"
172,이미지,14블-b1-k1.png,14,세계 해군사관학교가 이순신을 연구하는 자료 화면,b1,한산도 앞바다 해협,k1/4,B,22,"Strait off Hansan Island, open sea battlefield with distant cliffs, dawn mist, extreme wide establishing shot, low winter sun raking from the side, long cast shadows, warm ochre rim light against cool grey, 조선중기1550-1650, 용머리 장식, 철정(쇠못), 소나무 선체 판자, 참나무 나무못, [CAST], [LOCK] , [R-PAINT] , [STYLE] --ar 16:9 --sref [SEED] --sw 110 --no [FORBIDDEN]"
172,영상,14블-b1-v1.mp4,14,세계 해군사관학교가 이순신을 연구하는 자료 화면,b1,한산도 앞바다 해협,k1→k2,B,22,"Very slow forward dolly at constant camera height. No rotation, no zoom, no camera shake. Painterly brush texture and paper grain preserved."
173,이미지,14블-b1-k2.png,14,세계 해군사관학교가 이순신을 연구하는 자료 화면,b1,한산도 앞바다 해협,k2/4,B,22,"the same scene from the same camera height, progressively closer (2 of 4), extreme wide establishing shot, low winter sun raking from the side, long cast shadows, warm ochre rim light against cool grey, 조선중기1550-1650, 용머리 장식, 철정(쇠못), 소나무 선체 판자, 참나무 나무못, [CAST], [LOCK] , [R-PAINT] , [STYLE] --ar 16:9 --sref [SEED] --sw 110 --no [FORBIDDEN]"
173,영상,14블-b1-v2.mp4,14,세계 해군사관학교가 이순신을 연구하는 자료 화면,b1,한산도 앞바다 해협,k2→k3,B,22,"Continue the same move at identical speed. No rotation, no zoom, no camera shake. Painterly brush texture and paper grain preserved."
174,이미지,14블-b1-k3.png,14,세계 해군사관학교가 이순신을 연구하는 자료 화면,b1,한산도 앞바다 해협,k3/4,B,22,"the same scene from the same camera height, progressively closer (3 of 4), extreme wide establishing shot, low winter sun raking from the side, long cast shadows, warm ochre rim light against cool grey, 조선중기1550-1650, 용머리 장식, 철정(쇠못), 소나무 선체 판자, 참나무 나무못, [CAST], [LOCK] , [R-PAINT] , [STYLE] --ar 16:9 --sref [SEED] --sw 110 --no [FORBIDDEN]"
174,영상,14블-b1-v3.mp4,14,세계 해군사관학교가 이순신을 연구하는 자료 화면,b1,한산도 앞바다 해협,k3→k4,B,22,"Continue the same move at identical speed. No rotation, no zoom, no camera shake. Painterly brush texture and paper grain preserved."
175,이미지,14블-b1-k4.png,14,세계 해군사관학교가 이순신을 연구하는 자료 화면,b1,한산도 앞바다 해협,k4/4,B,22,"the same scene from the same camera height, closest framing of this beat, extreme wide establishing shot, low winter sun raking from the side, long cast shadows, warm ochre rim light against cool grey, 조선중기1550-1650, 용머리 장식, 철정(쇠못), 소나무 선체 판자, 참나무 나무못, [CAST], [LOCK] , [R-PAINT] , [STYLE] --ar 16:9 --sref [SEED] --sw 110 --no [FORBIDDEN]"
176,이미지,14블-b2-k1.png,14,세계 해군사관학교가 이순신을 연구하는 자료 화면,b2,여수 수군 진영,k1/4,B,22,"Yeosu naval garrison camp with wooden command platform and banners, wide shot, low winter sun raking from the side, long cast shadows, warm ochre rim light against cool grey, 조선중기1550-1650, 용머리 장식, 철정(쇠못), 소나무 선체 판자, 참나무 나무못, [CAST], [LOCK] , [R-PAINT] , [STYLE] --ar 16:9 --sref [SEED] --sw 110 --no [FORBIDDEN]"
176,영상,14블-b2-v1.mp4,14,세계 해군사관학교가 이순신을 연구하는 자료 화면,b2,여수 수군 진영,k1→k2,B,22,"Slow crane up at constant speed. No rotation, no zoom, no camera shake. Painterly brush texture and paper grain preserved."
177,이미지,14블-b2-k2.png,14,세계 해군사관학교가 이순신을 연구하는 자료 화면,b2,여수 수군 진영,k2/4,B,22,"the same scene from the same camera height, progressively closer (2 of 4), wide shot, low winter sun raking from the side, long cast shadows, warm ochre rim light against cool grey, 조선중기1550-1650, 용머리 장식, 철정(쇠못), 소나무 선체 판자, 참나무 나무못, [CAST], [LOCK] , [R-PAINT] , [STYLE] --ar 16:9 --sref [SEED] --sw 110 --no [FORBIDDEN]"
177,영상,14블-b2-v2.mp4,14,세계 해군사관학교가 이순신을 연구하는 자료 화면,b2,여수 수군 진영,k2→k3,B,22,"Continue the same move at identical speed. No rotation, no zoom, no camera shake. Painterly brush texture and paper grain preserved."
178,이미지,14블-b2-k3.png,14,세계 해군사관학교가 이순신을 연구하는 자료 화면,b2,여수 수군 진영,k3/4,B,22,"the same scene from the same camera height, progressively closer (3 of 4), wide shot, low winter sun raking from the side, long cast shadows, warm ochre rim light against cool grey, 조선중기1550-1650, 용머리 장식, 철정(쇠못), 소나무 선체 판자, 참나무 나무못, [CAST], [LOCK] , [R-PAINT] , [STYLE] --ar 16:9 --sref [SEED] --sw 110 --no [FORBIDDEN]"
178,영상,14블-b2-v3.mp4,14,세계 해군사관학교가 이순신을 연구하는 자료 화면,b2,여수 수군 진영,k3→k4,B,22,"Continue the same move at identical speed. No rotation, no zoom, no camera shake. Painterly brush texture and paper grain preserved."
179,이미지,14블-b2-k4.png,14,세계 해군사관학교가 이순신을 연구하는 자료 화면,b2,여수 수군 진영,k4/4,B,22,"the same scene from the same camera height, closest framing of this beat, wide shot, low winter sun raking from the side, long cast shadows, warm ochre rim light against cool grey, 조선중기1550-1650, 용머리 장식, 철정(쇠못), 소나무 선체 판자, 참나무 나무못, [CAST], [LOCK] , [R-PAINT] , [STYLE] --ar 16:9 --sref [SEED] --sw 110 --no [FORBIDDEN]"
180,이미지,14블-b3-k1.png,14,세계 해군사관학교가 이순신을 연구하는 자료 화면,b3,거북선 갑판 내부,k1/4,B,22,"Interior deck of turtle ship, cramped wooden beams, oar benches, dim lantern light, medium shot, low winter sun raking from the side, long cast shadows, warm ochre rim light against cool grey, 조선중기1550-1650, 용머리 장식, 철정(쇠못), 소나무 선체 판자, 참나무 나무못, [CAST], [LOCK] , [R-PAINT] , [STYLE] --ar 16:9 --sref [SEED] --sw 110 --no [FORBIDDEN]"
180,영상,14블-b3-v1.mp4,14,세계 해군사관학교가 이순신을 연구하는 자료 화면,b3,거북선 갑판 내부,k1→k2,B,22,"Slow lateral tracking move to the right. No rotation, no zoom, no camera shake. Painterly brush texture and paper grain preserved."
181,이미지,14블-b3-k2.png,14,세계 해군사관학교가 이순신을 연구하는 자료 화면,b3,거북선 갑판 내부,k2/4,B,22,"the same scene from the same camera height, progressively closer (2 of 4), medium shot, low winter sun raking from the side, long cast shadows, warm ochre rim light against cool grey, 조선중기1550-1650, 용머리 장식, 철정(쇠못), 소나무 선체 판자, 참나무 나무못, [CAST], [LOCK] , [R-PAINT] , [STYLE] --ar 16:9 --sref [SEED] --sw 110 --no [FORBIDDEN]"
181,영상,14블-b3-v2.mp4,14,세계 해군사관학교가 이순신을 연구하는 자료 화면,b3,거북선 갑판 내부,k2→k3,B,22,"Continue the same move at identical speed. No rotation, no zoom, no camera shake. Painterly brush texture and paper grain preserved."
182,이미지,14블-b3-k3.png,14,세계 해군사관학교가 이순신을 연구하는 자료 화면,b3,거북선 갑판 내부,k3/4,B,22,"the same scene from the same camera height, progressively closer (3 of 4), medium shot, low winter sun raking from the side, long cast shadows, warm ochre rim light against cool grey, 조선중기1550-1650, 용머리 장식, 철정(쇠못), 소나무 선체 판자, 참나무 나무못, [CAST], [LOCK] , [R-PAINT] , [STYLE] --ar 16:9 --sref [SEED] --sw 110 --no [FORBIDDEN]"
182,영상,14블-b3-v3.mp4,14,세계 해군사관학교가 이순신을 연구하는 자료 화면,b3,거북선 갑판 내부,k3→k4,B,22,"Continue the same move at identical speed. No rotation, no zoom, no camera shake. Painterly brush texture and paper grain preserved."
183,이미지,14블-b3-k4.png,14,세계 해군사관학교가 이순신을 연구하는 자료 화면,b3,거북선 갑판 내부,k4/4,B,22,"the same scene from the same camera height, closest framing of this beat, medium shot, low winter sun raking from the side, long cast shadows, warm ochre rim light against cool grey, 조선중기1550-1650, 용머리 장식, 철정(쇠못), 소나무 선체 판자, 참나무 나무못, [CAST], [LOCK] , [R-PAINT] , [STYLE] --ar 16:9 --sref [SEED] --sw 110 --no [FORBIDDEN]"
